Age,Fare,Parch,PassengerId,Sex,SibSp,Survived,FamilySize,Pclass_1,Pclass_2,Pclass_3,Title_Master,Title_Miss,Title_Mr,Title_Mrs,Title_Officer,Title_Royalty,Cabin_A,Cabin_B,Cabin_C,Cabin_D,Cabin_E,Cabin_F,Cabin_G,Cabin_T,Cabin_U,Embarked_C,Embarked_Q,Embarked_S
22.0,7.25,0,1,0,1,0,2,0,0,1,0,0,1,0,0,0,0,0,0,0,0,0,0,0,1,0,0,1
38.0,71.2833,0,2,1,1,1,2,1,0,0,0,0,0,1,0,0,0,0,1,0,0,0,0,0,0,1,0,0
26.0,7.925,0,3,1,0,1,1,0,0,1,0,1,0,0,0,0,0,0,0,0,0,0,0,0,1,0,0,1
35.0,53.1,0,4,1,1,1,2,1,0,0,0,0,0,1,0,0,0,0,1,0,0,0,0,0,0,0,0,1
35.0,8.05,0,5,0,0,0,1,0,0,1,0,0,1,0,0,0,0,0,0,0,0,0,0,0,1,0,0,1
26.0,8.4583,0,6,0,0,0,1,0,0,1,0,0,1,0,0,0,0,0,0,0,0,0,0,0,1,0,1,0
54.0,51.8625,0,7,0,0,0,1,1,0,0,0,0,1,0,0,0,0,0,0,0,1,0,0,0,0,0,0,1
2.0,21.075,1,8,0,3,0,5,0,0,1,1,0,0,0,0,0,0,0,0,0,0,0,0,0,1,0,0,1
27.0,11.1333,2,9,1,0,1,3,0,0,1,0,0,0,1,0,0,0,0,0,0,0,0,0,0,1,0,0,1
14.0,30.0708,0,10,1,1,1,2,0,1,0,0,0,0,1,0,0,0,0,0,0,0,0,0,0,1,1,0,0
4.0,16.7,1,11,1,1,1,3,0,0,1,0,1,0,0,0,0,0,0,0,0,0,0,1,0,0,0,0,1
58.0,26.55,0,12,1,0,1,1,1,0,0,0,1,0,0,0,0,0,0,1,0,0,0,0,0,0,0,0,1
20.0,8.05,0,13,0,0,0,1,0,0,1,0,0,1,0,0,0,0,0,0,0,0,0,0,0,1,0,0,1
39.0,31.275,5,14,0,1,0,7,0,0,1,0,0,1,0,0,0,0,0,0,0,0,0,0,0,1,0,0,1
14.0,7.8542,0,15,1,0,0,1,0,0,1,0,1,0,0,0,0,0,0,0,0,0,0,0,0,1,0,0,1
55.0,16.0,0,16,1,0,1,1,0,1,0,0,0,0,1,0,0,0,0,0,0,0,0,0,0,1,0,0,1
2.0,29.125,1,17,0,4,0,6,0,0,1,1,0,0,0,0,0,0,0,0,0,0,0,0,0,1,0,1,0
30.0,13.0,0,18,0,0,1,1,0,1,0,0,0,1,0,0,0,0,0,0,0,0,0,0,0,1,0,0,1
31.0,18.0,0,19,1,1,0,2,0,0,1,0,0,0,1,0,0,0,0,0,0,0,0,0,0,1,0,0,1
31.0,7.225,0,20,1,0,1,1,0,0,1,0,0,0,1,0,0,0,0,0,0,0,0,0,0,1,1,0,0
35.0,26.0,0,21,0,0,0,1,0,1,0,0,0,1,0,0,0,0,0,0,0,0,0,0,0,1,0,0,1
34.0,13.0,0,22,0,0,1,1,0,1,0,0,0,1,0,0,0,0,0,0,1,0,0,0,0,0,0,0,1
15.0,8.0292,0,23,1,0,1,1,0,0,1,0,1,0,0,0,0,0,0,0,0,0,0,0,0,1,0,1,0
28.0,35.5,0,24,0,0,1,1,1,0,0,0,0,1,0,0,0,1,0,0,0,0,0,0,0,0,0,0,1
8.0,21.075,1,25,1,3,0,5,0,0,1,0,1,0,0,0,0,0,0,0,0,0,0,0,0,1,0,0,1
38.0,31.3875,5,26,1,1,1,7,0,0,1,0,0,0,1,0,0,0,0,0,0,0,0,0,0,1,0,0,1
26.0,7.225,0,27,0,0,0,1,0,0,1,0,0,1,0,0,0,0,0,0,0,0,0,0,0,1,1,0,0
19.0,263.0,2,28,0,3,0,6,1,0,0,0,0,1,0,0,0,0,0,1,0,0,0,0,0,0,0,0,1
18.0,7.8792,0,29,1,0,1,1,0,0,1,0,1,0,0,0,0,0,0,0,0,0,0,0,0,1,0,1,0
26.0,7.8958,0,30,0,0,0,1,0,0,1,0,0,1,0,0,0,0,0,0,0,0,0,0,0,1,0,0,1
40.0,27.7208,0,31,0,0,0,1,1,0,0,0,0,0,0,0,1,0,0,0,0,0,0,0,0,1,1,0,0
45.0,146.5208,0,32,1,1,1,2,1,0,0,0,0,0,1,0,0,0,1,0,0,0,0,0,0,0,1,0,0
18.0,7.75,0,33,1,0,1,1,0,0,1,0,1,0,0,0,0,0,0,0,0,0,0,0,0,1,0,1,0
66.0,10.5,0,34,0,0,0,1,0,1,0,0,0,1,0,0,0,0,0,0,0,0,0,0,0,1,0,0,1
28.0,82.1708,0,35,0,1,0,2,1,0,0,0,0,1,0,0,0,0,0,0,0,0,0,0,0,1,1,0,0
42.0,52.0,0,36,0,1,0,2,1,0,0,0,0,1,0,0,0,0,0,0,0,0,0,0,0,1,0,0,1
26.0,7.2292,0,37,0,0,1,1,0,0,1,0,0,1,0,0,0,0,0,0,0,0,0,0,0,1,1,0,0
21.0,8.05,0,38,0,0,0,1,0,0,1,0,0,1,0,0,0,0,0,0,0,0,0,0,0,1,0,0,1
18.0,18.0,0,39,1,2,0,3,0,0,1,0,1,0,0,0,0,0,0,0,0,0,0,0,0,1,0,0,1
14.0,11.2417,0,40,1,1,1,2,0,0,1,0,1,0,0,0,0,0,0,0,0,0,0,0,0,1,1,0,0
40.0,9.475,0,41,1,1,0,2,0,0,1,0,0,0,1,0,0,0,0,0,0,0,0,0,0,1,0,0,1
27.0,21.0,0,42,1,1,0,2,0,1,0,0,0,0,1,0,0,0,0,0,0,0,0,0,0,1,0,0,1
26.0,7.8958,0,43,0,0,0,1,0,0,1,0,0,1,0,0,0,0,0,0,0,0,0,0,0,1,1,0,0
3.0,41.5792,2,44,1,1,1,4,0,1,0,0,1,0,0,0,0,0,0,0,0,0,0,0,0,1,1,0,0
19.0,7.8792,0,45,1,0,1,1,0,0,1,0,1,0,0,0,0,0,0,0,0,0,0,0,0,1,0,1,0
26.0,8.05,0,46,0,0,0,1,0,0,1,0,0,1,0,0,0,0,0,0,0,0,0,0,0,1,0,0,1
26.0,15.5,0,47,0,1,0,2,0,0,1,0,0,1,0,0,0,0,0,0,0,0,0,0,0,1,0,1,0
18.0,7.75,0,48,1,0,1,1,0,0,1,0,1,0,0,0,0,0,0,0,0,0,0,0,0,1,0,1,0
26.0,21.6792,0,49,0,2,0,3,0,0,1,0,0,1,0,0,0,0,0,0,0,0,0,0,0,1,1,0,0
18.0,17.8,0,50,1,1,0,2,0,0,1,0,0,0,1,0,0,0,0,0,0,0,0,0,0,1,0,0,1
7.0,39.6875,1,51,0,4,0,6,0,0,1,1,0,0,0,0,0,0,0,0,0,0,0,0,0,1,0,0,1
21.0,7.8,0,52,0,0,0,1,0,0,1,0,0,1,0,0,0,0,0,0,0,0,0,0,0,1,0,0,1
49.0,76.7292,0,53,1,1,1,2,1,0,0,0,0,0,1,0,0,0,0,0,1,0,0,0,0,0,1,0,0
29.0,26.0,0,54,1,1,1,2,0,1,0,0,0,0,1,0,0,0,0,0,0,0,0,0,0,1,0,0,1
65.0,61.9792,1,55,0,0,0,2,1,0,0,0,0,1,0,0,0,0,1,0,0,0,0,0,0,0,1,0,0
41.5,35.5,0,56,0,0,1,1,1,0,0,0,0,1,0,0,0,0,0,1,0,0,0,0,0,0,0,0,1
21.0,10.5,0,57,1,0,1,1,0,1,0,0,1,0,0,0,0,0,0,0,0,0,0,0,0,1,0,0,1
28.5,7.2292,0,58,0,0,0,1,0,0,1,0,0,1,0,0,0,0,0,0,0,0,0,0,0,1,1,0,0
5.0,27.75,2,59,1,1,1,4,0,1,0,0,1,0,0,0,0,0,0,0,0,0,0,0,0,1,0,0,1
11.0,46.9,2,60,0,5,0,8,0,0,1,1,0,0,0,0,0,0,0,0,0,0,0,0,0,1,0,0,1
22.0,7.2292,0,61,0,0,0,1,0,0,1,0,0,1,0,0,0,0,0,0,0,0,0,0,0,1,1,0,0
38.0,80.0,0,62,1,0,1,1,1,0,0,0,1,0,0,0,0,0,1,0,0,0,0,0,0,0,0,0,1
45.0,83.475,0,63,0,1,0,2,1,0,0,0,0,1,0,0,0,0,0,1,0,0,0,0,0,0,0,0,1
4.0,27.9,2,64,0,3,0,6,0,0,1,1,0,0,0,0,0,0,0,0,0,0,0,0,0,1,0,0,1
41.5,27.7208,0,65,0,0,0,1,1,0,0,0,0,1,0,0,0,0,0,0,0,0,0,0,0,1,1,0,0
6.0,15.2458,1,66,0,1,1,3,0,0,1,1,0,0,0,0,0,0,0,0,0,0,0,0,0,1,1,0,0
29.0,10.5,0,67,1,0,1,1,0,1,0,0,0,0,1,0,0,0,0,0,0,0,1,0,0,0,0,0,1
19.0,8.1583,0,68,0,0,0,1,0,0,1,0,0,1,0,0,0,0,0,0,0,0,0,0,0,1,0,0,1
17.0,7.925,2,69,1,4,1,7,0,0,1,0,1,0,0,0,0,0,0,0,0,0,0,0,0,1,0,0,1
26.0,8.6625,0,70,0,2,0,3,0,0,1,0,0,1,0,0,0,0,0,0,0,0,0,0,0,1,0,0,1
32.0,10.5,0,71,0,0,0,1,0,1,0,0,0,1,0,0,0,0,0,0,0,0,0,0,0,1,0,0,1
16.0,46.9,2,72,1,5,0,8,0,0,1,0,1,0,0,0,0,0,0,0,0,0,0,0,0,1,0,0,1
21.0,73.5,0,73,0,0,0,1,0,1,0,0,0,1,0,0,0,0,0,0,0,0,0,0,0,1,0,0,1
26.0,14.4542,0,74,0,1,0,2,0,0,1,0,0,1,0,0,0,0,0,0,0,0,0,0,0,1,1,0,0
32.0,56.4958,0,75,0,0,1,1,0,0,1,0,0,1,0,0,0,0,0,0,0,0,0,0,0,1,0,0,1
25.0,7.65,0,76,0,0,0,1,0,0,1,0,0,1,0,0,0,0,0,0,0,0,1,0,0,0,0,0,1
26.0,7.8958,0,77,0,0,0,1,0,0,1,0,0,1,0,0,0,0,0,0,0,0,0,0,0,1,0,0,1
26.0,8.05,0,78,0,0,0,1,0,0,1,0,0,1,0,0,0,0,0,0,0,0,0,0,0,1,0,0,1
0.83,29.0,2,79,0,0,1,3,0,1,0,1,0,0,0,0,0,0,0,0,0,0,0,0,0,1,0,0,1
30.0,12.475,0,80,1,0,1,1,0,0,1,0,1,0,0,0,0,0,0,0,0,0,0,0,0,1,0,0,1
22.0,9.0,0,81,0,0,0,1,0,0,1,0,0,1,0,0,0,0,0,0,0,0,0,0,0,1,0,0,1
29.0,9.5,0,82,0,0,1,1,0,0,1,0,0,1,0,0,0,0,0,0,0,0,0,0,0,1,0,0,1
18.0,7.7875,0,83,1,0,1,1,0,0,1,0,1,0,0,0,0,0,0,0,0,0,0,0,0,1,0,1,0
28.0,47.1,0,84,0,0,0,1,1,0,0,0,0,1,0,0,0,0,0,0,0,0,0,0,0,1,0,0,1
17.0,10.5,0,85,1,0,1,1,0,1,0,0,1,0,0,0,0,0,0,0,0,0,0,0,0,1,0,0,1
33.0,15.85,0,86,1,3,1,4,0,0,1,0,0,0,1,0,0,0,0,0,0,0,0,0,0,1,0,0,1
16.0,34.375,3,87,0,1,0,5,0,0,1,0,0,1,0,0,0,0,0,0,0,0,0,0,0,1,0,0,1
26.0,8.05,0,88,0,0,0,1,0,0,1,0,0,1,0,0,0,0,0,0,0,0,0,0,0,1,0,0,1
23.0,263.0,2,89,1,3,1,6,1,0,0,0,1,0,0,0,0,0,0,1,0,0,0,0,0,0,0,0,1
24.0,8.05,0,90,0,0,0,1,0,0,1,0,0,1,0,0,0,0,0,0,0,0,0,0,0,1,0,0,1
29.0,8.05,0,91,0,0,0,1,0,0,1,0,0,1,0,0,0,0,0,0,0,0,0,0,0,1,0,0,1
20.0,7.8542,0,92,0,0,0,1,0,0,1,0,0,1,0,0,0,0,0,0,0,0,0,0,0,1,0,0,1
46.0,61.175,0,93,0,1,0,2,1,0,0,0,0,1,0,0,0,0,0,0,0,1,0,0,0,0,0,0,1
26.0,20.575,2,94,0,1,0,4,0,0,1,0,0,1,0,0,0,0,0,0,0,0,0,0,0,1,0,0,1
59.0,7.25,0,95,0,0,0,1,0,0,1,0,0,1,0,0,0,0,0,0,0,0,0,0,0,1,0,0,1
26.0,8.05,0,96,0,0,0,1,0,0,1,0,0,1,0,0,0,0,0,0,0,0,0,0,0,1,0,0,1
71.0,34.6542,0,97,0,0,0,1,1,0,0,0,0,1,0,0,0,1,0,0,0,0,0,0,0,0,1,0,0
23.0,63.3583,1,98,0,0,1,2,1,0,0,0,0,1,0,0,0,0,0,0,1,0,0,0,0,0,1,0,0
34.0,23.0,1,99,1,0,1,2,0,1,0,0,0,0,1,0,0,0,0,0,0,0,0,0,0,1,0,0,1
34.0,26.0,0,100,0,1,0,2,0,1,0,0,0,1,0,0,0,0,0,0,0,0,0,0,0,1,0,0,1
28.0,7.8958,0,101,1,0,0,1,0,0,1,0,1,0,0,0,0,0,0,0,0,0,0,0,0,1,0,0,1
26.0,7.8958,0,102,0,0,0,1,0,0,1,0,0,1,0,0,0,0,0,0,0,0,0,0,0,1,0,0,1
21.0,77.2875,1,103,0,0,0,2,1,0,0,0,0,1,0,0,0,0,0,0,1,0,0,0,0,0,0,0,1
33.0,8.6542,0,104,0,0,0,1,0,0,1,0,0,1,0,0,0,0,0,0,0,0,0,0,0,1,0,0,1
37.0,7.925,0,105,0,2,0,3,0,0,1,0,0,1,0,0,0,0,0,0,0,0,0,0,0,1,0,0,1
28.0,7.8958,0,106,0,0,0,1,0,0,1,0,0,1,0,0,0,0,0,0,0,0,0,0,0,1,0,0,1
21.0,7.65,0,107,1,0,1,1,0,0,1,0,1,0,0,0,0,0,0,0,0,0,0,0,0,1,0,0,1
26.0,7.775,0,108,0,0,1,1,0,0,1,0,0,1,0,0,0,0,0,0,0,0,0,0,0,1,0,0,1
38.0,7.8958,0,109,0,0,0,1,0,0,1,0,0,1,0,0,0,0,0,0,0,0,0,0,0,1,0,0,1
18.0,24.15,0,110,1,1,1,2,0,0,1,0,1,0,0,0,0,0,0,0,0,0,0,0,0,1,0,1,0
47.0,52.0,0,111,0,0,0,1,1,0,0,0,0,1,0,0,0,0,0,1,0,0,0,0,0,0,0,0,1
14.5,14.4542,0,112,1,1,0,2,0,0,1,0,1,0,0,0,0,0,0,0,0,0,0,0,0,1,1,0,0
22.0,8.05,0,113,0,0,0,1,0,0,1,0,0,1,0,0,0,0,0,0,0,0,0,0,0,1,0,0,1
20.0,9.825,0,114,1,1,0,2,0,0,1,0,1,0,0,0,0,0,0,0,0,0,0,0,0,1,0,0,1
17.0,14.4583,0,115,1,0,0,1,0,0,1,0,1,0,0,0,0,0,0,0,0,0,0,0,0,1,1,0,0
21.0,7.925,0,116,0,0,0,1,0,0,1,0,0,1,0,0,0,0,0,0,0,0,0,0,0,1,0,0,1
70.5,7.75,0,117,0,0,0,1,0,0,1,0,0,1,0,0,0,0,0,0,0,0,0,0,0,1,0,1,0
29.0,21.0,0,118,0,1,0,2,0,1,0,0,0,1,0,0,0,0,0,0,0,0,0,0,0,1,0,0,1
24.0,247.5208,1,119,0,0,0,2,1,0,0,0,0,1,0,0,0,0,1,0,0,0,0,0,0,0,1,0,0
2.0,31.275,2,120,1,4,0,7,0,0,1,0,1,0,0,0,0,0,0,0,0,0,0,0,0,1,0,0,1
21.0,73.5,0,121,0,2,0,3,0,1,0,0,0,1,0,0,0,0,0,0,0,0,0,0,0,1,0,0,1
26.0,8.05,0,122,0,0,0,1,0,0,1,0,0,1,0,0,0,0,0,0,0,0,0,0,0,1,0,0,1
32.5,30.0708,0,123,0,1,0,2,0,1,0,0,0,1,0,0,0,0,0,0,0,0,0,0,0,1,1,0,0
32.5,13.0,0,124,1,0,1,1,0,1,0,0,1,0,0,0,0,0,0,0,0,1,0,0,0,0,0,0,1
54.0,77.2875,1,125,0,0,0,2,1,0,0,0,0,1,0,0,0,0,0,0,1,0,0,0,0,0,0,0,1
12.0,11.2417,0,126,0,1,1,2,0,0,1,1,0,0,0,0,0,0,0,0,0,0,0,0,0,1,1,0,0
26.0,7.75,0,127,0,0,0,1,0,0,1,0,0,1,0,0,0,0,0,0,0,0,0,0,0,1,0,1,0
24.0,7.1417,0,128,0,0,1,1,0,0,1,0,0,1,0,0,0,0,0,0,0,0,0,0,0,1,0,0,1
18.0,22.3583,1,129,1,1,1,3,0,0,1,0,1,0,0,0,0,0,0,0,0,0,1,0,0,0,1,0,0
45.0,6.975,0,130,0,0,0,1,0,0,1,0,0,1,0,0,0,0,0,0,0,0,0,0,0,1,0,0,1
33.0,7.8958,0,131,0,0,0,1,0,0,1,0,0,1,0,0,0,0,0,0,0,0,0,0,0,1,1,0,0
20.0,7.05,0,132,0,0,0,1,0,0,1,0,0,1,0,0,0,0,0,0,0,0,0,0,0,1,0,0,1
47.0,14.5,0,133,1,1,0,2,0,0,1,0,0,0,1,0,0,0,0,0,0,0,0,0,0,1,0,0,1
29.0,26.0,0,134,1,1,1,2,0,1,0,0,0,0,1,0,0,0,0,0,0,0,0,0,0,1,0,0,1
25.0,13.0,0,135,0,0,0,1,0,1,0,0,0,1,0,0,0,0,0,0,0,0,0,0,0,1,0,0,1
23.0,15.0458,0,136,0,0,0,1,0,1,0,0,0,1,0,0,0,0,0,0,0,0,0,0,0,1,1,0,0
19.0,26.2833,2,137,1,0,1,3,1,0,0,0,1,0,0,0,0,0,0,0,1,0,0,0,0,0,0,0,1
37.0,53.1,0,138,0,1,0,2,1,0,0,0,0,1,0,0,0,0,0,1,0,0,0,0,0,0,0,0,1
16.0,9.2167,0,139,0,0,0,1,0,0,1,0,0,1,0,0,0,0,0,0,0,0,0,0,0,1,0,0,1
24.0,79.2,0,140,0,0,0,1,1,0,0,0,0,1,0,0,0,0,1,0,0,0,0,0,0,0,1,0,0
31.0,15.2458,2,141,1,0,0,3,0,0,1,0,0,0,1,0,0,0,0,0,0,0,0,0,0,1,1,0,0
22.0,7.75,0,142,1,0,1,1,0,0,1,0,1,0,0,0,0,0,0,0,0,0,0,0,0,1,0,0,1
24.0,15.85,0,143,1,1,1,2,0,0,1,0,0,0,1,0,0,0,0,0,0,0,0,0,0,1,0,0,1
19.0,6.75,0,144,0,0,0,1,0,0,1,0,0,1,0,0,0,0,0,0,0,0,0,0,0,1,0,1,0
18.0,11.5,0,145,0,0,0,1,0,1,0,0,0,1,0,0,0,0,0,0,0,0,0,0,0,1,0,0,1
19.0,36.75,1,146,0,1,0,3,0,1,0,0,0,1,0,0,0,0,0,0,0,0,0,0,0,1,0,0,1
27.0,7.7958,0,147,0,0,1,1,0,0,1,0,0,1,0,0,0,0,0,0,0,0,0,0,0,1,0,0,1
9.0,34.375,2,148,1,2,0,5,0,0,1,0,1,0,0,0,0,0,0,0,0,0,0,0,0,1,0,0,1
36.5,26.0,2,149,0,0,0,3,0,1,0,0,0,1,0,0,0,0,0,0,0,0,1,0,0,0,0,0,1
42.0,13.0,0,150,0,0,0,1,0,1,0,0,0,0,0,1,0,0,0,0,0,0,0,0,0,1,0,0,1
51.0,12.525,0,151,0,0,0,1,0,1,0,0,0,0,0,1,0,0,0,0,0,0,0,0,0,1,0,0,1
22.0,66.6,0,152,1,1,1,2,1,0,0,0,0,0,1,0,0,0,0,1,0,0,0,0,0,0,0,0,1
55.5,8.05,0,153,0,0,0,1,0,0,1,0,0,1,0,0,0,0,0,0,0,0,0,0,0,1,0,0,1
40.5,14.5,2,154,0,0,0,3,0,0,1,0,0,1,0,0,0,0,0,0,0,0,0,0,0,1,0,0,1
26.0,7.3125,0,155,0,0,0,1,0,0,1,0,0,1,0,0,0,0,0,0,0,0,0,0,0,1,0,0,1
51.0,61.3792,1,156,0,0,0,2,1,0,0,0,0,1,0,0,0,0,0,0,0,0,0,0,0,1,1,0,0
16.0,7.7333,0,157,1,0,1,1,0,0,1,0,1,0,0,0,0,0,0,0,0,0,0,0,0,1,0,1,0
30.0,8.05,0,158,0,0,0,1,0,0,1,0,0,1,0,0,0,0,0,0,0,0,0,0,0,1,0,0,1
26.0,8.6625,0,159,0,0,0,1,0,0,1,0,0,1,0,0,0,0,0,0,0,0,0,0,0,1,0,0,1
6.0,69.55,2,160,0,8,0,11,0,0,1,1,0,0,0,0,0,0,0,0,0,0,0,0,0,1,0,0,1
44.0,16.1,1,161,0,0,0,2,0,0,1,0,0,1,0,0,0,0,0,0,0,0,0,0,0,1,0,0,1
40.0,15.75,0,162,1,0,1,1,0,1,0,0,0,0,1,0,0,0,0,0,0,0,0,0,0,1,0,0,1
26.0,7.775,0,163,0,0,0,1,0,0,1,0,0,1,0,0,0,0,0,0,0,0,0,0,0,1,0,0,1
17.0,8.6625,0,164,0,0,0,1,0,0,1,0,0,1,0,0,0,0,0,0,0,0,0,0,0,1,0,0,1
1.0,39.6875,1,165,0,4,0,6,0,0,1,1,0,0,0,0,0,0,0,0,0,0,0,0,0,1,0,0,1
9.0,20.525,2,166,0,0,1,3,0,0,1,1,0,0,0,0,0,0,0,0,0,0,0,0,0,1,0,0,1
45.0,55.0,1,167,1,0,1,2,1,0,0,0,0,0,1,0,0,0,0,0,0,1,0,0,0,0,0,0,1
45.0,27.9,4,168,1,1,0,6,0,0,1,0,0,0,1,0,0,0,0,0,0,0,0,0,0,1,0,0,1
41.5,25.925,0,169,0,0,0,1,1,0,0,0,0,1,0,0,0,0,0,0,0,0,0,0,0,1,0,0,1
28.0,56.4958,0,170,0,0,0,1,0,0,1,0,0,1,0,0,0,0,0,0,0,0,0,0,0,1,0,0,1
61.0,33.5,0,171,0,0,0,1,1,0,0,0,0,1,0,0,0,0,1,0,0,0,0,0,0,0,0,0,1
4.0,29.125,1,172,0,4,0,6,0,0,1,1,0,0,0,0,0,0,0,0,0,0,0,0,0,1,0,1,0
1.0,11.1333,1,173,1,1,1,3,0,0,1,0,1,0,0,0,0,0,0,0,0,0,0,0,0,1,0,0,1
21.0,7.925,0,174,0,0,0,1,0,0,1,0,0,1,0,0,0,0,0,0,0,0,0,0,0,1,0,0,1
56.0,30.6958,0,175,0,0,0,1,1,0,0,0,0,1,0,0,0,1,0,0,0,0,0,0,0,0,1,0,0
18.0,7.8542,1,176,0,1,0,3,0,0,1,0,0,1,0,0,0,0,0,0,0,0,0,0,0,1,0,0,1
6.0,25.4667,1,177,0,3,0,5,0,0,1,1,0,0,0,0,0,0,0,0,0,0,0,0,0,1,0,0,1
50.0,28.7125,0,178,1,0,0,1,1,0,0,0,1,0,0,0,0,0,0,1,0,0,0,0,0,0,1,0,0
30.0,13.0,0,179,0,0,0,1,0,1,0,0,0,1,0,0,0,0,0,0,0,0,0,0,0,1,0,0,1
36.0,0.0,0,180,0,0,0,1,0,0,1,0,0,1,0,0,0,0,0,0,0,0,0,0,0,1,0,0,1
18.0,69.55,2,181,1,8,0,11,0,0,1,0,1,0,0,0,0,0,0,0,0,0,0,0,0,1,0,0,1
30.0,15.05,0,182,0,0,0,1,0,1,0,0,0,1,0,0,0,0,0,0,0,0,0,0,0,1,1,0,0
9.0,31.3875,2,183,0,4,0,7,0,0,1,1,0,0,0,0,0,0,0,0,0,0,0,0,0,1,0,0,1
1.0,39.0,1,184,0,2,1,4,0,1,0,1,0,0,0,0,0,0,0,0,0,0,1,0,0,0,0,0,1
4.0,22.025,2,185,1,0,1,3,0,0,1,0,1,0,0,0,0,0,0,0,0,0,0,0,0,1,0,0,1
41.5,50.0,0,186,0,0,0,1,1,0,0,0,0,1,0,0,0,1,0,0,0,0,0,0,0,0,0,0,1
31.0,15.5,0,187,1,1,1,2,0,0,1,0,0,0,1,0,0,0,0,0,0,0,0,0,0,1,0,1,0
45.0,26.55,0,188,0,0,1,1,1,0,0,0,0,1,0,0,0,0,0,0,0,0,0,0,0,1,0,0,1
40.0,15.5,1,189,0,1,0,3,0,0,1,0,0,1,0,0,0,0,0,0,0,0,0,0,0,1,0,1,0
36.0,7.8958,0,190,0,0,0,1,0,0,1,0,0,1,0,0,0,0,0,0,0,0,0,0,0,1,0,0,1
32.0,13.0,0,191,1,0,1,1,0,1,0,0,0,0,1,0,0,0,0,0,0,0,0,0,0,1,0,0,1
19.0,13.0,0,192,0,0,0,1,0,1,0,0,0,1,0,0,0,0,0,0,0,0,0,0,0,1,0,0,1
19.0,7.8542,0,193,1,1,1,2,0,0,1,0,1,0,0,0,0,0,0,0,0,0,0,0,0,1,0,0,1
3.0,26.0,1,194,0,1,1,3,0,1,0,1,0,0,0,0,0,0,0,0,0,0,1,0,0,0,0,0,1
44.0,27.7208,0,195,1,0,1,1,1,0,0,0,0,0,1,0,0,0,1,0,0,0,0,0,0,0,1,0,0
58.0,146.5208,0,196,1,0,1,1,1,0,0,0,1,0,0,0,0,0,1,0,0,0,0,0,0,0,1,0,0
26.0,7.75,0,197,0,0,0,1,0,0,1,0,0,1,0,0,0,0,0,0,0,0,0,0,0,1,0,1,0
42.0,8.4042,1,198,0,0,0,2,0,0,1,0,0,1,0,0,0,0,0,0,0,0,0,0,0,1,0,0,1
18.0,7.75,0,199,1,0,1,1,0,0,1,0,1,0,0,0,0,0,0,0,0,0,0,0,0,1,0,1,0
24.0,13.0,0,200,1,0,0,1,0,1,0,0,1,0,0,0,0,0,0,0,0,0,0,0,0,1,0,0,1
28.0,9.5,0,201,0,0,0,1,0,0,1,0,0,1,0,0,0,0,0,0,0,0,0,0,0,1,0,0,1
26.0,69.55,2,202,0,8,0,11,0,0,1,0,0,1,0,0,0,0,0,0,0,0,0,0,0,1,0,0,1
34.0,6.4958,0,203,0,0,0,1,0,0,1,0,0,1,0,0,0,0,0,0,0,0,0,0,0,1,0,0,1
45.5,7.225,0,204,0,0,0,1,0,0,1,0,0,1,0,0,0,0,0,0,0,0,0,0,0,1,1,0,0
18.0,8.05,0,205,0,0,1,1,0,0,1,0,0,1,0,0,0,0,0,0,0,0,0,0,0,1,0,0,1
2.0,10.4625,1,206,1,0,0,2,0,0,1,0,1,0,0,0,0,0,0,0,0,0,0,1,0,0,0,0,1
32.0,15.85,0,207,0,1,0,2,0,0,1,0,0,1,0,0,0,0,0,0,0,0,0,0,0,1,0,0,1
26.0,18.7875,0,208,0,0,1,1,0,0,1,0,0,1,0,0,0,0,0,0,0,0,0,0,0,1,1,0,0
16.0,7.75,0,209,1,0,1,1,0,0,1,0,1,0,0,0,0,0,0,0,0,0,0,0,0,1,0,1,0
40.0,31.0,0,210,0,0,1,1,1,0,0,0,0,1,0,0,0,1,0,0,0,0,0,0,0,0,1,0,0
24.0,7.05,0,211,0,0,0,1,0,0,1,0,0,1,0,0,0,0,0,0,0,0,0,0,0,1,0,0,1
35.0,21.0,0,212,1,0,1,1,0,1,0,0,1,0,0,0,0,0,0,0,0,0,0,0,0,1,0,0,1
22.0,7.25,0,213,0,0,0,1,0,0,1,0,0,1,0,0,0,0,0,0,0,0,0,0,0,1,0,0,1
30.0,13.0,0,214,0,0,0,1,0,1,0,0,0,1,0,0,0,0,0,0,0,0,0,0,0,1,0,0,1
26.0,7.75,0,215,0,1,0,2,0,0,1,0,0,1,0,0,0,0,0,0,0,0,0,0,0,1,0,1,0
31.0,113.275,0,216,1,1,1,2,1,0,0,0,1,0,0,0,0,0,0,0,1,0,0,0,0,0,1,0,0
27.0,7.925,0,217,1,0,1,1,0,0,1,0,1,0,0,0,0,0,0,0,0,0,0,0,0,1,0,0,1
42.0,27.0,0,218,0,1,0,2,0,1,0,0,0,1,0,0,0,0,0,0,0,0,0,0,0,1,0,0,1
32.0,76.2917,0,219,1,0,1,1,1,0,0,0,1,0,0,0,0,0,0,0,1,0,0,0,0,0,1,0,0
30.0,10.5,0,220,0,0,0,1,0,1,0,0,0,1,0,0,0,0,0,0,0,0,0,0,0,1,0,0,1
16.0,8.05,0,221,0,0,1,1,0,0,1,0,0,1,0,0,0,0,0,0,0,0,0,0,0,1,0,0,1
27.0,13.0,0,222,0,0,0,1,0,1,0,0,0,1,0,0,0,0,0,0,0,0,0,0,0,1,0,0,1
51.0,8.05,0,223,0,0,0,1,0,0,1,0,0,1,0,0,0,0,0,0,0,0,0,0,0,1,0,0,1
26.0,7.8958,0,224,0,0,0,1,0,0,1,0,0,1,0,0,0,0,0,0,0,0,0,0,0,1,0,0,1
38.0,90.0,0,225,0,1,1,2,1,0,0,0,0,1,0,0,0,0,0,1,0,0,0,0,0,0,0,0,1
22.0,9.35,0,226,0,0,0,1,0,0,1,0,0,1,0,0,0,0,0,0,0,0,0,0,0,1,0,0,1
19.0,10.5,0,227,0,0,1,1,0,1,0,0,0,1,0,0,0,0,0,0,0,0,0,0,0,1,0,0,1
20.5,7.25,0,228,0,0,0,1,0,0,1,0,0,1,0,0,0,0,0,0,0,0,0,0,0,1,0,0,1
18.0,13.0,0,229,0,0,0,1,0,1,0,0,0,1,0,0,0,0,0,0,0,0,0,0,0,1,0,0,1
18.0,25.4667,1,230,1,3,0,5,0,0,1,0,1,0,0,0,0,0,0,0,0,0,0,0,0,1,0,0,1
35.0,83.475,0,231,1,1,1,2,1,0,0,0,0,0,1,0,0,0,0,1,0,0,0,0,0,0,0,0,1
29.0,7.775,0,232,0,0,0,1,0,0,1,0,0,1,0,0,0,0,0,0,0,0,0,0,0,1,0,0,1
59.0,13.5,0,233,0,0,0,1,0,1,0,0,0,1,0,0,0,0,0,0,0,0,0,0,0,1,0,0,1
5.0,31.3875,2,234,1,4,1,7,0,0,1,0,1,0,0,0,0,0,0,0,0,0,0,0,0,1,0,0,1
24.0,10.5,0,235,0,0,0,1,0,1,0,0,0,1,0,0,0,0,0,0,0,0,0,0,0,1,0,0,1
18.0,7.55,0,236,1,0,0,1,0,0,1,0,1,0,0,0,0,0,0,0,0,0,0,0,0,1,0,0,1
44.0,26.0,0,237,0,1,0,2,0,1,0,0,0,1,0,0,0,0,0,0,0,0,0,0,0,1,0,0,1
8.0,26.25,2,238,1,0,1,3,0,1,0,0,1,0,0,0,0,0,0,0,0,0,0,0,0,1,0,0,1
19.0,10.5,0,239,0,0,0,1,0,1,0,0,0,1,0,0,0,0,0,0,0,0,0,0,0,1,0,0,1
33.0,12.275,0,240,0,0,0,1,0,1,0,0,0,1,0,0,0,0,0,0,0,0,0,0,0,1,0,0,1
18.0,14.4542,0,241,1,1,0,2,0,0,1,0,1,0,0,0,0,0,0,0,0,0,0,0,0,1,1,0,0
18.0,15.5,0,242,1,1,1,2,0,0,1,0,1,0,0,0,0,0,0,0,0,0,0,0,0,1,0,1,0
29.0,10.5,0,243,0,0,0,1,0,1,0,0,0,1,0,0,0,0,0,0,0,0,0,0,0,1,0,0,1
22.0,7.125,0,244,0,0,0,1,0,0,1,0,0,1,0,0,0,0,0,0,0,0,0,0,0,1,0,0,1
30.0,7.225,0,245,0,0,0,1,0,0,1,0,0,1,0,0,0,0,0,0,0,0,0,0,0,1,1,0,0
44.0,90.0,0,246,0,2,0,3,1,0,0,0,0,0,0,1,0,0,0,1,0,0,0,0,0,0,0,1,0
25.0,7.775,0,247,1,0,0,1,0,0,1,0,1,0,0,0,0,0,0,0,0,0,0,0,0,1,0,0,1
24.0,14.5,2,248,1,0,1,3,0,1,0,0,0,0,1,0,0,0,0,0,0,0,0,0,0,1,0,0,1
37.0,52.5542,1,249,0,1,1,3,1,0,0,0,0,1,0,0,0,0,0,0,1,0,0,0,0,0,0,0,1
54.0,26.0,0,250,0,1,0,2,0,1,0,0,0,0,0,1,0,0,0,0,0,0,0,0,0,1,0,0,1
26.0,7.25,0,251,0,0,0,1,0,0,1,0,0,1,0,0,0,0,0,0,0,0,0,0,0,1,0,0,1
29.0,10.4625,1,252,1,1,0,3,0,0,1,0,0,0,1,0,0,0,0,0,0,0,0,1,0,0,0,0,1
62.0,26.55,0,253,0,0,0,1,1,0,0,0,0,1,0,0,0,0,0,1,0,0,0,0,0,0,0,0,1
30.0,16.1,0,254,0,1,0,2,0,0,1,0,0,1,0,0,0,0,0,0,0,0,0,0,0,1,0,0,1
41.0,20.2125,2,255,1,0,0,3,0,0,1,0,0,0,1,0,0,0,0,0,0,0,0,0,0,1,0,0,1
29.0,15.2458,2,256,1,0,1,3,0,0,1,0,0,0,1,0,0,0,0,0,0,0,0,0,0,1,1,0,0
45.0,79.2,0,257,1,0,1,1,1,0,0,0,0,0,1,0,0,0,0,0,0,0,0,0,0,1,1,0,0
30.0,86.5,0,258,1,0,1,1,1,0,0,0,1,0,0,0,0,0,1,0,0,0,0,0,0,0,0,0,1
35.0,512.3292,0,259,1,0,1,1,1,0,0,0,1,0,0,0,0,0,0,0,0,0,0,0,0,1,1,0,0
50.0,26.0,1,260,1,0,1,2,0,1,0,0,0,0,1,0,0,0,0,0,0,0,0,0,0,1,0,0,1
26.0,7.75,0,261,0,0,0,1,0,0,1,0,0,1,0,0,0,0,0,0,0,0,0,0,0,1,0,1,0
3.0,31.3875,2,262,0,4,1,7,0,0,1,1,0,0,0,0,0,0,0,0,0,0,0,0,0,1,0,0,1
52.0,79.65,1,263,0,1,0,3,1,0,0,0,0,1,0,0,0,0,0,0,0,1,0,0,0,0,0,0,1
40.0,0.0,0,264,0,0,0,1,1,0,0,0,0,1,0,0,0,0,1,0,0,0,0,0,0,0,0,0,1
18.0,7.75,0,265,1,0,0,1,0,0,1,0,1,0,0,0,0,0,0,0,0,0,0,0,0,1,0,1,0
36.0,10.5,0,266,0,0,0,1,0,1,0,0,0,1,0,0,0,0,0,0,0,0,0,0,0,1,0,0,1
16.0,39.6875,1,267,0,4,0,6,0,0,1,0,0,1,0,0,0,0,0,0,0,0,0,0,0,1,0,0,1
25.0,7.775,0,268,0,1,1,2,0,0,1,0,0,1,0,0,0,0,0,0,0,0,0,0,0,1,0,0,1
58.0,153.4625,1,269,1,0,1,2,1,0,0,0,0,0,1,0,0,0,0,1,0,0,0,0,0,0,0,0,1
35.0,135.6333,0,270,1,0,1,1,1,0,0,0,1,0,0,0,0,0,0,1,0,0,0,0,0,0,0,0,1
41.5,31.0,0,271,0,0,0,1,1,0,0,0,0,1,0,0,0,0,0,0,0,0,0,0,0,1,0,0,1
25.0,0.0,0,272,0,0,1,1,0,0,1,0,0,1,0,0,0,0,0,0,0,0,0,0,0,1,0,0,1
41.0,19.5,1,273,1,0,1,2,0,1,0,0,0,0,1,0,0,0,0,0,0,0,0,0,0,1,0,0,1
37.0,29.7,1,274,0,0,0,2,1,0,0,0,0,1,0,0,0,0,0,1,0,0,0,0,0,0,1,0,0
18.0,7.75,0,275,1,0,1,1,0,0,1,0,1,0,0,0,0,0,0,0,0,0,0,0,0,1,0,1,0
63.0,77.9583,0,276,1,1,1,2,1,0,0,0,1,0,0,0,0,0,0,0,1,0,0,0,0,0,0,0,1
45.0,7.75,0,277,1,0,0,1,0,0,1,0,1,0,0,0,0,0,0,0,0,0,0,0,0,1,0,0,1
30.0,0.0,0,278,0,0,0,1,0,1,0,0,0,1,0,0,0,0,0,0,0,0,0,0,0,1,0,0,1
7.0,29.125,1,279,0,4,0,6,0,0,1,1,0,0,0,0,0,0,0,0,0,0,0,0,0,1,0,1,0
35.0,20.25,1,280,1,1,1,3,0,0,1,0,0,0,1,0,0,0,0,0,0,0,0,0,0,1,0,0,1
65.0,7.75,0,281,0,0,0,1,0,0,1,0,0,1,0,0,0,0,0,0,0,0,0,0,0,1,0,1,0
28.0,7.8542,0,282,0,0,0,1,0,0,1,0,0,1,0,0,0,0,0,0,0,0,0,0,0,1,0,0,1
16.0,9.5,0,283,0,0,0,1,0,0,1,0,0,1,0,0,0,0,0,0,0,0,0,0,0,1,0,0,1
19.0,8.05,0,284,0,0,1,1,0,0,1,0,0,1,0,0,0,0,0,0,0,0,0,0,0,1,0,0,1
41.5,26.0,0,285,0,0,0,1,1,0,0,0,0,1,0,0,0,1,0,0,0,0,0,0,0,0,0,0,1
33.0,8.6625,0,286,0,0,0,1,0,0,1,0,0,1,0,0,0,0,0,0,0,0,0,0,0,1,1,0,0
30.0,9.5,0,287,0,0,1,1,0,0,1,0,0,1,0,0,0,0,0,0,0,0,0,0,0,1,0,0,1
22.0,7.8958,0,288,0,0,0,1,0,0,1,0,0,1,0,0,0,0,0,0,0,0,0,0,0,1,0,0,1
42.0,13.0,0,289,0,0,1,1,0,1,0,0,0,1,0,0,0,0,0,0,0,0,0,0,0,1,0,0,1
22.0,7.75,0,290,1,0,1,1,0,0,1,0,1,0,0,0,0,0,0,0,0,0,0,0,0,1,0,1,0
26.0,78.85,0,291,1,0,1,1,1,0,0,0,1,0,0,0,0,0,0,0,0,0,0,0,0,1,0,0,1
19.0,91.0792,0,292,1,1,1,2,1,0,0,0,0,0,1,0,0,0,1,0,0,0,0,0,0,0,1,0,0
36.0,12.875,0,293,0,0,0,1,0,1,0,0,0,1,0,0,0,0,0,0,1,0,0,0,0,0,1,0,0
24.0,8.85,0,294,1,0,0,1,0,0,1,0,1,0,0,0,0,0,0,0,0,0,0,0,0,1,0,0,1
24.0,7.8958,0,295,0,0,0,1,0,0,1,0,0,1,0,0,0,0,0,0,0,0,0,0,0,1,0,0,1
41.5,27.7208,0,296,0,0,0,1,1,0,0,0,0,1,0,0,0,0,0,0,0,0,0,0,0,1,1,0,0
23.5,7.2292,0,297,0,0,0,1,0,0,1,0,0,1,0,0,0,0,0,0,0,0,0,0,0,1,1,0,0
2.0,151.55,2,298,1,1,0,4,1,0,0,0,1,0,0,0,0,0,0,1,0,0,0,0,0,0,0,0,1
41.5,30.5,0,299,0,0,1,1,1,0,0,0,0,1,0,0,0,0,0,1,0,0,0,0,0,0,0,0,1
50.0,247.5208,1,300,1,0,1,2,1,0,0,0,0,0,1,0,0,0,1,0,0,0,0,0,0,0,1,0,0
18.0,7.75,0,301,1,0,1,1,0,0,1,0,1,0,0,0,0,0,0,0,0,0,0,0,0,1,0,1,0
26.0,23.25,0,302,0,2,1,3,0,0,1,0,0,1,0,0,0,0,0,0,0,0,0,0,0,1,0,1,0
19.0,0.0,0,303,0,0,0,1,0,0,1,0,0,1,0,0,0,0,0,0,0,0,0,0,0,1,0,0,1
20.0,12.35,0,304,1,0,1,1,0,1,0,0,1,0,0,0,0,0,0,0,0,1,0,0,0,0,0,1,0
26.0,8.05,0,305,0,0,0,1,0,0,1,0,0,1,0,0,0,0,0,0,0,0,0,0,0,1,0,0,1
0.92,151.55,2,306,0,1,1,4,1,0,0,1,0,0,0,0,0,0,0,1,0,0,0,0,0,0,0,0,1
30.0,110.8833,0,307,1,0,1,1,1,0,0,0,1,0,0,0,0,0,0,0,0,0,0,0,0,1,1,0,0
17.0,108.9,0,308,1,1,1,2,1,0,0,0,0,0,1,0,0,0,0,1,0,0,0,0,0,0,1,0,0
30.0,24.0,0,309,0,1,0,2,0,1,0,0,0,1,0,0,0,0,0,0,0,0,0,0,0,1,1,0,0
30.0,56.9292,0,310,1,0,1,1,1,0,0,0,1,0,0,0,0,0,0,0,0,1,0,0,0,0,1,0,0
24.0,83.1583,0,311,1,0,1,1,1,0,0,0,1,0,0,0,0,0,0,1,0,0,0,0,0,0,1,0,0
18.0,262.375,2,312,1,2,1,5,1,0,0,0,1,0,0,0,0,0,1,0,0,0,0,0,0,0,1,0,0
26.0,26.0,1,313,1,1,0,3,0,1,0,0,0,0,1,0,0,0,0,0,0,0,0,0,0,1,0,0,1
28.0,7.8958,0,314,0,0,0,1,0,0,1,0,0,1,0,0,0,0,0,0,0,0,0,0,0,1,0,0,1
43.0,26.25,1,315,0,1,0,3,0,1,0,0,0,1,0,0,0,0,0,0,0,0,0,0,0,1,0,0,1
26.0,7.8542,0,316,1,0,1,1,0,0,1,0,1,0,0,0,0,0,0,0,0,0,0,0,0,1,0,0,1
24.0,26.0,0,317,1,1,1,2,0,1,0,0,0,0,1,0,0,0,0,0,0,0,0,0,0,1,0,0,1
54.0,14.0,0,318,0,0,0,1,0,1,0,0,0,0,0,1,0,0,0,0,0,0,0,0,0,1,0,0,1
31.0,164.8667,2,319,1,0,1,3,1,0,0,0,1,0,0,0,0,0,0,1,0,0,0,0,0,0,0,0,1
40.0,134.5,1,320,1,1,1,3,1,0,0,0,0,0,1,0,0,0,0,0,0,1,0,0,0,0,1,0,0
22.0,7.25,0,321,0,0,0,1,0,0,1,0,0,1,0,0,0,0,0,0,0,0,0,0,0,1,0,0,1
27.0,7.8958,0,322,0,0,0,1,0,0,1,0,0,1,0,0,0,0,0,0,0,0,0,0,0,1,0,0,1
30.0,12.35,0,323,1,0,1,1,0,1,0,0,1,0,0,0,0,0,0,0,0,0,0,0,0,1,0,1,0
22.0,29.0,1,324,1,1,1,3,0,1,0,0,0,0,1,0,0,0,0,0,0,0,0,0,0,1,0,0,1
26.0,69.55,2,325,0,8,0,11,0,0,1,0,0,1,0,0,0,0,0,0,0,0,0,0,0,1,0,0,1
36.0,135.6333,0,326,1,0,1,1,1,0,0,0,1,0,0,0,0,0,0,1,0,0,0,0,0,0,1,0,0
61.0,6.2375,0,327,0,0,0,1,0,0,1,0,0,1,0,0,0,0,0,0,0,0,0,0,0,1,0,0,1
36.0,13.0,0,328,1,0,1,1,0,1,0,0,0,0,1,0,0,0,0,0,1,0,0,0,0,0,0,0,1
31.0,20.525,1,329,1,1,1,3,0,0,1,0,0,0,1,0,0,0,0,0,0,0,0,0,0,1,0,0,1
16.0,57.9792,1,330,1,0,1,2,1,0,0,0,1,0,0,0,0,0,1,0,0,0,0,0,0,0,1,0,0
18.0,23.25,0,331,1,2,1,3,0,0,1,0,1,0,0,0,0,0,0,0,0,0,0,0,0,1,0,1,0
45.5,28.5,0,332,0,0,0,1,1,0,0,0,0,1,0,0,0,0,0,1,0,0,0,0,0,0,0,0,1
38.0,153.4625,1,333,0,0,0,2,1,0,0,0,0,1,0,0,0,0,0,1,0,0,0,0,0,0,0,0,1
16.0,18.0,0,334,0,2,0,3,0,0,1,0,0,1,0,0,0,0,0,0,0,0,0,0,0,1,0,0,1
45.0,133.65,0,335,1,1,1,2,1,0,0,0,0,0,1,0,0,0,0,0,0,0,0,0,0,1,0,0,1
26.0,7.8958,0,336,0,0,0,1,0,0,1,0,0,1,0,0,0,0,0,0,0,0,0,0,0,1,0,0,1
29.0,66.6,0,337,0,1,0,2,1,0,0,0,0,1,0,0,0,0,0,1,0,0,0,0,0,0,0,0,1
41.0,134.5,0,338,1,0,1,1,1,0,0,0,1,0,0,0,0,0,0,0,0,1,0,0,0,0,1,0,0
45.0,8.05,0,339,0,0,1,1,0,0,1,0,0,1,0,0,0,0,0,0,0,0,0,0,0,1,0,0,1
45.0,35.5,0,340,0,0,0,1,1,0,0,0,0,1,0,0,0,0,0,0,0,0,0,0,1,0,0,0,1
2.0,26.0,1,341,0,1,1,3,0,1,0,1,0,0,0,0,0,0,0,0,0,0,1,0,0,0,0,0,1
24.0,263.0,2,342,1,3,1,6,1,0,0,0,1,0,0,0,0,0,0,1,0,0,0,0,0,0,0,0,1
28.0,13.0,0,343,0,0,0,1,0,1,0,0,0,1,0,0,0,0,0,0,0,0,0,0,0,1,0,0,1
25.0,13.0,0,344,0,0,0,1,0,1,0,0,0,1,0,0,0,0,0,0,0,0,0,0,0,1,0,0,1
36.0,13.0,0,345,0,0,0,1,0,1,0,0,0,1,0,0,0,0,0,0,0,0,0,0,0,1,0,0,1
24.0,13.0,0,346,1,0,1,1,0,1,0,0,1,0,0,0,0,0,0,0,0,0,1,0,0,0,0,0,1
40.0,13.0,0,347,1,0,1,1,0,1,0,0,1,0,0,0,0,0,0,0,0,0,0,0,0,1,0,0,1
31.0,16.1,0,348,1,1,1,2,0,0,1,0,0,0,1,0,0,0,0,0,0,0,0,0,0,1,0,0,1
3.0,15.9,1,349,0,1,1,3,0,0,1,1,0,0,0,0,0,0,0,0,0,0,0,0,0,1,0,0,1
42.0,8.6625,0,350,0,0,0,1,0,0,1,0,0,1,0,0,0,0,0,0,0,0,0,0,0,1,0,0,1
23.0,9.225,0,351,0,0,0,1,0,0,1,0,0,1,0,0,0,0,0,0,0,0,0,0,0,1,0,0,1
41.5,35.0,0,352,0,0,0,1,1,0,0,0,0,1,0,0,0,0,0,1,0,0,0,0,0,0,0,0,1
15.0,7.2292,1,353,0,1,0,3,0,0,1,0,0,1,0,0,0,0,0,0,0,0,0,0,0,1,1,0,0
25.0,17.8,0,354,0,1,0,2,0,0,1,0,0,1,0,0,0,0,0,0,0,0,0,0,0,1,0,0,1
26.0,7.225,0,355,0,0,0,1,0,0,1,0,0,1,0,0,0,0,0,0,0,0,0,0,0,1,1,0,0
28.0,9.5,0,356,0,0,0,1,0,0,1,0,0,1,0,0,0,0,0,0,0,0,0,0,0,1,0,0,1
22.0,55.0,1,357,1,0,1,2,1,0,0,0,1,0,0,0,0,0,0,0,0,1,0,0,0,0,0,0,1
38.0,13.0,0,358,1,0,0,1,0,1,0,0,1,0,0,0,0,0,0,0,0,0,0,0,0,1,0,0,1
18.0,7.8792,0,359,1,0,1,1,0,0,1,0,1,0,0,0,0,0,0,0,0,0,0,0,0,1,0,1,0
18.0,7.8792,0,360,1,0,1,1,0,0,1,0,1,0,0,0,0,0,0,0,0,0,0,0,0,1,0,1,0
40.0,27.9,4,361,0,1,0,6,0,0,1,0,0,1,0,0,0,0,0,0,0,0,0,0,0,1,0,0,1
29.0,27.7208,0,362,0,1,0,2,0,1,0,0,0,1,0,0,0,0,0,0,0,0,0,0,0,1,1,0,0
45.0,14.4542,1,363,1,0,0,2,0,0,1,0,0,0,1,0,0,0,0,0,0,0,0,0,0,1,1,0,0
35.0,7.05,0,364,0,0,0,1,0,0,1,0,0,1,0,0,0,0,0,0,0,0,0,0,0,1,0,0,1
26.0,15.5,0,365,0,1,0,2,0,0,1,0,0,1,0,0,0,0,0,0,0,0,0,0,0,1,0,1,0
30.0,7.25,0,366,0,0,0,1,0,0,1,0,0,1,0,0,0,0,0,0,0,0,0,0,0,1,0,0,1
60.0,75.25,0,367,1,1,1,2,1,0,0,0,0,0,1,0,0,0,0,0,1,0,0,0,0,0,1,0,0
31.0,7.2292,0,368,1,0,1,1,0,0,1,0,0,0,1,0,0,0,0,0,0,0,0,0,0,1,1,0,0
18.0,7.75,0,369,1,0,1,1,0,0,1,0,1,0,0,0,0,0,0,0,0,0,0,0,0,1,0,1,0
24.0,69.3,0,370,1,0,1,1,1,0,0,0,0,0,1,0,0,0,1,0,0,0,0,0,0,0,1,0,0
25.0,55.4417,0,371,0,1,1,2,1,0,0,0,0,1,0,0,0,0,0,0,0,1,0,0,0,0,1,0,0
18.0,6.4958,0,372,0,1,0,2,0,0,1,0,0,1,0,0,0,0,0,0,0,0,0,0,0,1,0,0,1
19.0,8.05,0,373,0,0,0,1,0,0,1,0,0,1,0,0,0,0,0,0,0,0,0,0,0,1,0,0,1
22.0,135.6333,0,374,0,0,0,1,1,0,0,0,0,1,0,0,0,0,0,0,0,0,0,0,0,1,1,0,0
3.0,21.075,1,375,1,3,0,5,0,0,1,0,1,0,0,0,0,0,0,0,0,0,0,0,0,1,0,0,1
45.0,82.1708,0,376,1,1,1,2,1,0,0,0,0,0,1,0,0,0,0,0,0,0,0,0,0,1,1,0,0
22.0,7.25,0,377,1,0,1,1,0,0,1,0,1,0,0,0,0,0,0,0,0,0,0,0,0,1,0,0,1
27.0,211.5,2,378,0,0,0,3,1,0,0,0,0,1,0,0,0,0,0,1,0,0,0,0,0,0,1,0,0
20.0,4.0125,0,379,0,0,0,1,0,0,1,0,0,1,0,0,0,0,0,0,0,0,0,0,0,1,1,0,0
19.0,7.775,0,380,0,0,0,1,0,0,1,0,0,1,0,0,0,0,0,0,0,0,0,0,0,1,0,0,1
42.0,227.525,0,381,1,0,1,1,1,0,0,0,1,0,0,0,0,0,0,0,0,0,0,0,0,1,1,0,0
1.0,15.7417,2,382,1,0,1,3,0,0,1,0,1,0,0,0,0,0,0,0,0,0,0,0,0,1,1,0,0
32.0,7.925,0,383,0,0,0,1,0,0,1,0,0,1,0,0,0,0,0,0,0,0,0,0,0,1,0,0,1
35.0,52.0,0,384,1,1,1,2,1,0,0,0,0,0,1,0,0,0,0,0,0,0,0,0,0,1,0,0,1
26.0,7.8958,0,385,0,0,0,1,0,0,1,0,0,1,0,0,0,0,0,0,0,0,0,0,0,1,0,0,1
18.0,73.5,0,386,0,0,0,1,0,1,0,0,0,1,0,0,0,0,0,0,0,0,0,0,0,1,0,0,1
1.0,46.9,2,387,0,5,0,8,0,0,1,1,0,0,0,0,0,0,0,0,0,0,0,0,0,1,0,0,1
36.0,13.0,0,388,1,0,1,1,0,1,0,0,1,0,0,0,0,0,0,0,0,0,0,0,0,1,0,0,1
26.0,7.7292,0,389,0,0,0,1,0,0,1,0,0,1,0,0,0,0,0,0,0,0,0,0,0,1,0,1,0
17.0,12.0,0,390,1,0,1,1,0,1,0,0,1,0,0,0,0,0,0,0,0,0,0,0,0,1,1,0,0
36.0,120.0,2,391,0,1,1,4,1,0,0,0,0,1,0,0,0,0,1,0,0,0,0,0,0,0,0,0,1
21.0,7.7958,0,392,0,0,1,1,0,0,1,0,0,1,0,0,0,0,0,0,0,0,0,0,0,1,0,0,1
28.0,7.925,0,393,0,2,0,3,0,0,1,0,0,1,0,0,0,0,0,0,0,0,0,0,0,1,0,0,1
23.0,113.275,0,394,1,1,1,2,1,0,0,0,1,0,0,0,0,0,0,0,1,0,0,0,0,0,1,0,0
24.0,16.7,2,395,1,0,1,3,0,0,1,0,0,0,1,0,0,0,0,0,0,0,0,1,0,0,0,0,1
22.0,7.7958,0,396,0,0,0,1,0,0,1,0,0,1,0,0,0,0,0,0,0,0,0,0,0,1,0,0,1
31.0,7.8542,0,397,1,0,0,1,0,0,1,0,1,0,0,0,0,0,0,0,0,0,0,0,0,1,0,0,1
46.0,26.0,0,398,0,0,0,1,0,1,0,0,0,1,0,0,0,0,0,0,0,0,0,0,0,1,0,0,1
23.0,10.5,0,399,0,0,0,1,0,1,0,0,0,0,0,1,0,0,0,0,0,0,0,0,0,1,0,0,1
28.0,12.65,0,400,1,0,1,1,0,1,0,0,0,0,1,0,0,0,0,0,0,0,0,0,0,1,0,0,1
39.0,7.925,0,401,0,0,1,1,0,0,1,0,0,1,0,0,0,0,0,0,0,0,0,0,0,1,0,0,1
26.0,8.05,0,402,0,0,0,1,0,0,1,0,0,1,0,0,0,0,0,0,0,0,0,0,0,1,0,0,1
21.0,9.825,0,403,1,1,0,2,0,0,1,0,1,0,0,0,0,0,0,0,0,0,0,0,0,1,0,0,1
28.0,15.85,0,404,0,1,0,2,0,0,1,0,0,1,0,0,0,0,0,0,0,0,0,0,0,1,0,0,1
20.0,8.6625,0,405,1,0,0,1,0,0,1,0,1,0,0,0,0,0,0,0,0,0,0,0,0,1,0,0,1
34.0,21.0,0,406,0,1,0,2,0,1,0,0,0,1,0,0,0,0,0,0,0,0,0,0,0,1,0,0,1
51.0,7.75,0,407,0,0,0,1,0,0,1,0,0,1,0,0,0,0,0,0,0,0,0,0,0,1,0,0,1
3.0,18.75,1,408,0,1,1,3,0,1,0,1,0,0,0,0,0,0,0,0,0,0,0,0,0,1,0,0,1
21.0,7.775,0,409,0,0,0,1,0,0,1,0,0,1,0,0,0,0,0,0,0,0,0,0,0,1,0,0,1
18.0,25.4667,1,410,1,3,0,5,0,0,1,0,1,0,0,0,0,0,0,0,0,0,0,0,0,1,0,0,1
26.0,7.8958,0,411,0,0,0,1,0,0,1,0,0,1,0,0,0,0,0,0,0,0,0,0,0,1,0,0,1
26.0,6.8583,0,412,0,0,0,1,0,0,1,0,0,1,0,0,0,0,0,0,0,0,0,0,0,1,0,1,0
33.0,90.0,0,413,1,1,1,2,1,0,0,0,1,0,0,0,0,0,0,1,0,0,0,0,0,0,0,1,0
30.0,0.0,0,414,0,0,0,1,0,1,0,0,0,1,0,0,0,0,0,0,0,0,0,0,0,1,0,0,1
44.0,7.925,0,415,0,0,1,1,0,0,1,0,0,1,0,0,0,0,0,0,0,0,0,0,0,1,0,0,1
31.0,8.05,0,416,1,0,0,1,0,0,1,0,0,0,1,0,0,0,0,0,0,0,0,0,0,1,0,0,1
34.0,32.5,1,417,1,1,1,3,0,1,0,0,0,0,1,0,0,0,0,0,0,0,0,0,0,1,0,0,1
18.0,13.0,2,418,1,0,1,3,0,1,0,0,1,0,0,0,0,0,0,0,0,0,0,0,0,1,0,0,1
30.0,13.0,0,419,0,0,0,1,0,1,0,0,0,1,0,0,0,0,0,0,0,0,0,0,0,1,0,0,1
10.0,24.15,2,420,1,0,0,3,0,0,1,0,1,0,0,0,0,0,0,0,0,0,0,0,0,1,0,0,1
26.0,7.8958,0,421,0,0,0,1,0,0,1,0,0,1,0,0,0,0,0,0,0,0,0,0,0,1,1,0,0
21.0,7.7333,0,422,0,0,0,1,0,0,1,0,0,1,0,0,0,0,0,0,0,0,0,0,0,1,0,1,0
29.0,7.875,0,423,0,0,0,1,0,0,1,0,0,1,0,0,0,0,0,0,0,0,0,0,0,1,0,0,1
28.0,14.4,1,424,1,1,0,3,0,0,1,0,0,0,1,0,0,0,0,0,0,0,0,0,0,1,0,0,1
18.0,20.2125,1,425,0,1,0,3,0,0,1,0,0,1,0,0,0,0,0,0,0,0,0,0,0,1,0,0,1
26.0,7.25,0,426,0,0,0,1,0,0,1,0,0,1,0,0,0,0,0,0,0,0,0,0,0,1,0,0,1
28.0,26.0,0,427,1,1,1,2,0,1,0,0,0,0,1,0,0,0,0,0,0,0,0,0,0,1,0,0,1
19.0,26.0,0,428,1,0,1,1,0,1,0,0,1,0,0,0,0,0,0,0,0,0,0,0,0,1,0,0,1
26.0,7.75,0,429,0,0,0,1,0,0,1,0,0,1,0,0,0,0,0,0,0,0,0,0,0,1,0,1,0
32.0,8.05,0,430,0,0,1,1,0,0,1,0,0,1,0,0,0,0,0,0,0,1,0,0,0,0,0,0,1
28.0,26.55,0,431,0,0,1,1,1,0,0,0,0,1,0,0,0,0,0,1,0,0,0,0,0,0,0,0,1
31.0,16.1,0,432,1,1,1,2,0,0,1,0,0,0,1,0,0,0,0,0,0,0,0,0,0,1,0,0,1
42.0,26.0,0,433,1,1,1,2,0,1,0,0,0,0,1,0,0,0,0,0,0,0,0,0,0,1,0,0,1
17.0,7.125,0,434,0,0,0,1,0,0,1,0,0,1,0,0,0,0,0,0,0,0,0,0,0,1,0,0,1
50.0,55.9,0,435,0,1,0,2,1,0,0,0,0,1,0,0,0,0,0,0,0,1,0,0,0,0,0,0,1
14.0,120.0,2,436,1,1,1,4,1,0,0,0,1,0,0,0,0,0,1,0,0,0,0,0,0,0,0,0,1
21.0,34.375,2,437,1,2,0,5,0,0,1,0,1,0,0,0,0,0,0,0,0,0,0,0,0,1,0,0,1
24.0,18.75,3,438,1,2,1,6,0,1,0,0,0,0,1,0,0,0,0,0,0,0,0,0,0,1,0,0,1
64.0,263.0,4,439,0,1,0,6,1,0,0,0,0,1,0,0,0,0,0,1,0,0,0,0,0,0,0,0,1
31.0,10.5,0,440,0,0,0,1,0,1,0,0,0,1,0,0,0,0,0,0,0,0,0,0,0,1,0,0,1
45.0,26.25,1,441,1,1,1,3,0,1,0,0,0,0,1,0,0,0,0,0,0,0,0,0,0,1,0,0,1
20.0,9.5,0,442,0,0,0,1,0,0,1,0,0,1,0,0,0,0,0,0,0,0,0,0,0,1,0,0,1
25.0,7.775,0,443,0,1,0,2,0,0,1,0,0,1,0,0,0,0,0,0,0,0,0,0,0,1,0,0,1
28.0,13.0,0,444,1,0,1,1,0,1,0,0,0,0,1,0,0,0,0,0,0,0,0,0,0,1,0,0,1
26.0,8.1125,0,445,0,0,1,1,0,0,1,0,0,1,0,0,0,0,0,0,0,0,0,0,0,1,0,0,1
4.0,81.8583,2,446,0,0,1,3,1,0,0,1,0,0,0,0,0,1,0,0,0,0,0,0,0,0,0,0,1
13.0,19.5,1,447,1,0,1,2,0,1,0,0,1,0,0,0,0,0,0,0,0,0,0,0,0,1,0,0,1
34.0,26.55,0,448,0,0,1,1,1,0,0,0,0,1,0,0,0,0,0,0,0,0,0,0,0,1,0,0,1
5.0,19.2583,1,449,1,2,1,4,0,0,1,0,1,0,0,0,0,0,0,0,0,0,0,0,0,1,1,0,0
52.0,30.5,0,450,0,0,1,1,1,0,0,0,0,0,0,1,0,0,0,1,0,0,0,0,0,0,0,0,1
36.0,27.75,2,451,0,1,0,4,0,1,0,0,0,1,0,0,0,0,0,0,0,0,0,0,0,1,0,0,1
26.0,19.9667,0,452,0,1,0,2,0,0,1,0,0,1,0,0,0,0,0,0,0,0,0,0,0,1,0,0,1
30.0,27.75,0,453,0,0,0,1,1,0,0,0,0,1,0,0,0,0,0,1,0,0,0,0,0,0,1,0,0
49.0,89.1042,0,454,0,1,1,2,1,0,0,0,0,1,0,0,0,0,0,1,0,0,0,0,0,0,1,0,0
26.0,8.05,0,455,0,0,0,1,0,0,1,0,0,1,0,0,0,0,0,0,0,0,0,0,0,1,0,0,1
29.0,7.8958,0,456,0,0,1,1,0,0,1,0,0,1,0,0,0,0,0,0,0,0,0,0,0,1,1,0,0
65.0,26.55,0,457,0,0,0,1,1,0,0,0,0,1,0,0,0,0,0,0,0,1,0,0,0,0,0,0,1
45.0,51.8625,0,458,1,1,1,2,1,0,0,0,0,0,1,0,0,0,0,0,1,0,0,0,0,0,0,0,1
50.0,10.5,0,459,1,0,1,1,0,1,0,0,1,0,0,0,0,0,0,0,0,0,0,0,0,1,0,0,1
26.0,7.75,0,460,0,0,0,1,0,0,1,0,0,1,0,0,0,0,0,0,0,0,0,0,0,1,0,1,0
48.0,26.55,0,461,0,0,1,1,1,0,0,0,0,1,0,0,0,0,0,0,0,1,0,0,0,0,0,0,1
34.0,8.05,0,462,0,0,0,1,0,0,1,0,0,1,0,0,0,0,0,0,0,0,0,0,0,1,0,0,1
47.0,38.5,0,463,0,0,0,1,1,0,0,0,0,1,0,0,0,0,0,0,0,1,0,0,0,0,0,0,1
48.0,13.0,0,464,0,0,0,1,0,1,0,0,0,1,0,0,0,0,0,0,0,0,0,0,0,1,0,0,1
26.0,8.05,0,465,0,0,0,1,0,0,1,0,0,1,0,0,0,0,0,0,0,0,0,0,0,1,0,0,1
38.0,7.05,0,466,0,0,0,1,0,0,1,0,0,1,0,0,0,0,0,0,0,0,0,0,0,1,0,0,1
30.0,0.0,0,467,0,0,0,1,0,1,0,0,0,1,0,0,0,0,0,0,0,0,0,0,0,1,0,0,1
56.0,26.55,0,468,0,0,0,1,1,0,0,0,0,1,0,0,0,0,0,0,0,0,0,0,0,1,0,0,1
26.0,7.725,0,469,0,0,0,1,0,0,1,0,0,1,0,0,0,0,0,0,0,0,0,0,0,1,0,1,0
0.75,19.2583,1,470,1,2,1,4,0,0,1,0,1,0,0,0,0,0,0,0,0,0,0,0,0,1,1,0,0
26.0,7.25,0,471,0,0,0,1,0,0,1,0,0,1,0,0,0,0,0,0,0,0,0,0,0,1,0,0,1
38.0,8.6625,0,472,0,0,0,1,0,0,1,0,0,1,0,0,0,0,0,0,0,0,0,0,0,1,0,0,1
33.0,27.75,2,473,1,1,1,4,0,1,0,0,0,0,1,0,0,0,0,0,0,0,0,0,0,1,0,0,1
23.0,13.7917,0,474,1,0,1,1,0,1,0,0,0,0,1,0,0,0,0,0,1,0,0,0,0,0,1,0,0
22.0,9.8375,0,475,1,0,0,1,0,0,1,0,1,0,0,0,0,0,0,0,0,0,0,0,0,1,0,0,1
41.5,52.0,0,476,0,0,0,1,1,0,0,0,0,1,0,0,0,1,0,0,0,0,0,0,0,0,0,0,1
34.0,21.0,0,477,0,1,0,2,0,1,0,0,0,1,0,0,0,0,0,0,0,0,0,0,0,1,0,0,1
29.0,7.0458,0,478,0,1,0,2,0,0,1,0,0,1,0,0,0,0,0,0,0,0,0,0,0,1,0,0,1
22.0,7.5208,0,479,0,0,0,1,0,0,1,0,0,1,0,0,0,0,0,0,0,0,0,0,0,1,0,0,1
2.0,12.2875,1,480,1,0,1,2,0,0,1,0,1,0,0,0,0,0,0,0,0,0,0,0,0,1,0,0,1
9.0,46.9,2,481,0,5,0,8,0,0,1,1,0,0,0,0,0,0,0,0,0,0,0,0,0,1,0,0,1
30.0,0.0,0,482,0,0,0,1,0,1,0,0,0,1,0,0,0,0,0,0,0,0,0,0,0,1,0,0,1
50.0,8.05,0,483,0,0,0,1,0,0,1,0,0,1,0,0,0,0,0,0,0,0,0,0,0,1,0,0,1
63.0,9.5875,0,484,1,0,1,1,0,0,1,0,0,0,1,0,0,0,0,0,0,0,0,0,0,1,0,0,1
25.0,91.0792,0,485,0,1,1,2,1,0,0,0,0,1,0,0,0,0,1,0,0,0,0,0,0,0,1,0,0
18.0,25.4667,1,486,1,3,0,5,0,0,1,0,1,0,0,0,0,0,0,0,0,0,0,0,0,1,0,0,1
35.0,90.0,0,487,1,1,1,2,1,0,0,0,0,0,1,0,0,0,0,1,0,0,0,0,0,0,0,0,1
58.0,29.7,0,488,0,0,0,1,1,0,0,0,0,1,0,0,0,0,1,0,0,0,0,0,0,0,1,0,0
30.0,8.05,0,489,0,0,0,1,0,0,1,0,0,1,0,0,0,0,0,0,0,0,0,0,0,1,0,0,1
9.0,15.9,1,490,0,1,1,3,0,0,1,1,0,0,0,0,0,0,0,0,0,0,0,0,0,1,0,0,1
26.0,19.9667,0,491,0,1,0,2,0,0,1,0,0,1,0,0,0,0,0,0,0,0,0,0,0,1,0,0,1
21.0,7.25,0,492,0,0,0,1,0,0,1,0,0,1,0,0,0,0,0,0,0,0,0,0,0,1,0,0,1
55.0,30.5,0,493,0,0,0,1,1,0,0,0,0,1,0,0,0,0,0,1,0,0,0,0,0,0,0,0,1
71.0,49.5042,0,494,0,0,0,1,1,0,0,0,0,1,0,0,0,0,0,0,0,0,0,0,0,1,1,0,0
21.0,8.05,0,495,0,0,0,1,0,0,1,0,0,1,0,0,0,0,0,0,0,0,0,0,0,1,0,0,1
26.0,14.4583,0,496,0,0,0,1,0,0,1,0,0,1,0,0,0,0,0,0,0,0,0,0,0,1,1,0,0
54.0,78.2667,0,497,1,1,1,2,1,0,0,0,1,0,0,0,0,0,0,0,1,0,0,0,0,0,1,0,0
26.0,15.1,0,498,0,0,0,1,0,0,1,0,0,1,0,0,0,0,0,0,0,0,0,0,0,1,0,0,1
25.0,151.55,2,499,1,1,0,4,1,0,0,0,0,0,1,0,0,0,0,1,0,0,0,0,0,0,0,0,1
24.0,7.7958,0,500,0,0,0,1,0,0,1,0,0,1,0,0,0,0,0,0,0,0,0,0,0,1,0,0,1
17.0,8.6625,0,501,0,0,0,1,0,0,1,0,0,1,0,0,0,0,0,0,0,0,0,0,0,1,0,0,1
21.0,7.75,0,502,1,0,0,1,0,0,1,0,1,0,0,0,0,0,0,0,0,0,0,0,0,1,0,1,0
18.0,7.6292,0,503,1,0,0,1,0,0,1,0,1,0,0,0,0,0,0,0,0,0,0,0,0,1,0,1,0
37.0,9.5875,0,504,1,0,0,1,0,0,1,0,1,0,0,0,0,0,0,0,0,0,0,0,0,1,0,0,1
16.0,86.5,0,505,1,0,1,1,1,0,0,0,1,0,0,0,0,0,1,0,0,0,0,0,0,0,0,0,1
18.0,108.9,0,506,0,1,0,2,1,0,0,0,0,1,0,0,0,0,0,1,0,0,0,0,0,0,1,0,0
33.0,26.0,2,507,1,0,1,3,0,1,0,0,0,0,1,0,0,0,0,0,0,0,0,0,0,1,0,0,1
41.5,26.55,0,508,0,0,1,1,1,0,0,0,0,1,0,0,0,0,0,0,0,0,0,0,0,1,0,0,1
28.0,22.525,0,509,0,0,0,1,0,0,1,0,0,1,0,0,0,0,0,0,0,0,0,0,0,1,0,0,1
26.0,56.4958,0,510,0,0,1,1,0,0,1,0,0,1,0,0,0,0,0,0,0,0,0,0,0,1,0,0,1
29.0,7.75,0,511,0,0,1,1,0,0,1,0,0,1,0,0,0,0,0,0,0,0,0,0,0,1,0,1,0
26.0,8.05,0,512,0,0,0,1,0,0,1,0,0,1,0,0,0,0,0,0,0,0,0,0,0,1,0,0,1
36.0,26.2875,0,513,0,0,1,1,1,0,0,0,0,1,0,0,0,0,0,0,0,1,0,0,0,0,0,0,1
54.0,59.4,0,514,1,1,1,2,1,0,0,0,0,0,1,0,0,0,0,0,0,0,0,0,0,1,1,0,0
24.0,7.4958,0,515,0,0,0,1,0,0,1,0,0,1,0,0,0,0,0,0,0,0,0,0,0,1,0,0,1
47.0,34.0208,0,516,0,0,0,1,1,0,0,0,0,1,0,0,0,0,0,0,1,0,0,0,0,0,0,0,1
34.0,10.5,0,517,1,0,1,1,0,1,0,0,0,0,1,0,0,0,0,0,0,0,1,0,0,0,0,0,1
26.0,24.15,0,518,0,0,0,1,0,0,1,0,0,1,0,0,0,0,0,0,0,0,0,0,0,1,0,1,0
36.0,26.0,0,519,1,1,1,2,0,1,0,0,0,0,1,0,0,0,0,0,0,0,0,0,0,1,0,0,1
32.0,7.8958,0,520,0,0,0,1,0,0,1,0,0,1,0,0,0,0,0,0,0,0,0,0,0,1,0,0,1
30.0,93.5,0,521,1,0,1,1,1,0,0,0,1,0,0,0,0,0,1,0,0,0,0,0,0,0,0,0,1
22.0,7.8958,0,522,0,0,0,1,0,0,1,0,0,1,0,0,0,0,0,0,0,0,0,0,0,1,0,0,1
26.0,7.225,0,523,0,0,0,1,0,0,1,0,0,1,0,0,0,0,0,0,0,0,0,0,0,1,1,0,0
44.0,57.9792,1,524,1,0,1,2,1,0,0,0,0,0,1,0,0,0,1,0,0,0,0,0,0,0,1,0,0
26.0,7.2292,0,525,0,0,0,1,0,0,1,0,0,1,0,0,0,0,0,0,0,0,0,0,0,1,1,0,0
40.5,7.75,0,526,0,0,0,1,0,0,1,0,0,1,0,0,0,0,0,0,0,0,0,0,0,1,0,1,0
50.0,10.5,0,527,1,0,1,1,0,1,0,0,1,0,0,0,0,0,0,0,0,0,0,0,0,1,0,0,1
41.5,221.7792,0,528,0,0,0,1,1,0,0,0,0,1,0,0,0,0,0,1,0,0,0,0,0,0,0,0,1
39.0,7.925,0,529,0,0,0,1,0,0,1,0,0,1,0,0,0,0,0,0,0,0,0,0,0,1,0,0,1
23.0,11.5,1,530,0,2,0,4,0,1,0,0,0,1,0,0,0,0,0,0,0,0,0,0,0,1,0,0,1
2.0,26.0,1,531,1,1,1,3,0,1,0,0,1,0,0,0,0,0,0,0,0,0,0,0,0,1,0,0,1
26.0,7.2292,0,532,0,0,0,1,0,0,1,0,0,1,0,0,0,0,0,0,0,0,0,0,0,1,1,0,0
17.0,7.2292,1,533,0,1,0,3,0,0,1,0,0,1,0,0,0,0,0,0,0,0,0,0,0,1,1,0,0
31.0,22.3583,2,534,1,0,1,3,0,0,1,0,0,0,1,0,0,0,0,0,0,0,0,0,0,1,1,0,0
30.0,8.6625,0,535,1,0,0,1,0,0,1,0,1,0,0,0,0,0,0,0,0,0,0,0,0,1,0,0,1
7.0,26.25,2,536,1,0,1,3,0,1,0,0,1,0,0,0,0,0,0,0,0,0,0,0,0,1,0,0,1
45.0,26.55,0,537,0,0,0,1,1,0,0,0,0,0,0,1,0,0,1,0,0,0,0,0,0,0,0,0,1
30.0,106.425,0,538,1,0,1,1,1,0,0,0,1,0,0,0,0,0,0,0,0,0,0,0,0,1,1,0,0
26.0,14.5,0,539,0,0,0,1,0,0,1,0,0,1,0,0,0,0,0,0,0,0,0,0,0,1,0,0,1
22.0,49.5,2,540,1,0,1,3,1,0,0,0,1,0,0,0,0,0,1,0,0,0,0,0,0,0,1,0,0
36.0,71.0,2,541,1,0,1,3,1,0,0,0,1,0,0,0,0,0,1,0,0,0,0,0,0,0,0,0,1
9.0,31.275,2,542,1,4,0,7,0,0,1,0,1,0,0,0,0,0,0,0,0,0,0,0,0,1,0,0,1
11.0,31.275,2,543,1,4,0,7,0,0,1,0,1,0,0,0,0,0,0,0,0,0,0,0,0,1,0,0,1
32.0,26.0,0,544,0,1,1,2,0,1,0,0,0,1,0,0,0,0,0,0,0,0,0,0,0,1,0,0,1
50.0,106.425,0,545,0,1,0,2,1,0,0,0,0,1,0,0,0,0,0,1,0,0,0,0,0,0,1,0,0
64.0,26.0,0,546,0,0,0,1,1,0,0,0,0,1,0,0,0,0,0,0,0,0,0,0,0,1,0,0,1
19.0,26.0,0,547,1,1,1,2,0,1,0,0,0,0,1,0,0,0,0,0,0,0,0,0,0,1,0,0,1
30.0,13.8625,0,548,0,0,1,1,0,1,0,0,0,1,0,0,0,0,0,0,0,0,0,0,0,1,1,0,0
33.0,20.525,1,549,0,1,0,3,0,0,1,0,0,1,0,0,0,0,0,0,0,0,0,0,0,1,0,0,1
8.0,36.75,1,550,0,1,1,3,0,1,0,1,0,0,0,0,0,0,0,0,0,0,0,0,0,1,0,0,1
17.0,110.8833,2,551,0,0,1,3,1,0,0,0,0,1,0,0,0,0,0,1,0,0,0,0,0,0,1,0,0
27.0,26.0,0,552,0,0,0,1,0,1,0,0,0,1,0,0,0,0,0,0,0,0,0,0,0,1,0,0,1
26.0,7.8292,0,553,0,0,0,1,0,0,1,0,0,1,0,0,0,0,0,0,0,0,0,0,0,1,0,1,0
22.0,7.225,0,554,0,0,1,1,0,0,1,0,0,1,0,0,0,0,0,0,0,0,0,0,0,1,1,0,0
22.0,7.775,0,555,1,0,1,1,0,0,1,0,1,0,0,0,0,0,0,0,0,0,0,0,0,1,0,0,1
62.0,26.55,0,556,0,0,0,1,1,0,0,0,0,1,0,0,0,0,0,0,0,0,0,0,0,1,0,0,1
48.0,39.6,0,557,1,1,1,2,1,0,0,0,0,0,0,0,1,1,0,0,0,0,0,0,0,0,1,0,0
41.5,227.525,0,558,0,0,0,1,1,0,0,0,0,1,0,0,0,0,0,0,0,0,0,0,0,1,1,0,0
39.0,79.65,1,559,1,1,1,3,1,0,0,0,0,0,1,0,0,0,0,0,0,1,0,0,0,0,0,0,1
36.0,17.4,0,560,1,1,1,2,0,0,1,0,0,0,1,0,0,0,0,0,0,0,0,0,0,1,0,0,1
26.0,7.75,0,561,0,0,0,1,0,0,1,0,0,1,0,0,0,0,0,0,0,0,0,0,0,1,0,1,0
40.0,7.8958,0,562,0,0,0,1,0,0,1,0,0,1,0,0,0,0,0,0,0,0,0,0,0,1,0,0,1
28.0,13.5,0,563,0,0,0,1,0,1,0,0,0,1,0,0,0,0,0,0,0,0,0,0,0,1,0,0,1
26.0,8.05,0,564,0,0,0,1,0,0,1,0,0,1,0,0,0,0,0,0,0,0,0,0,0,1,0,0,1
18.0,8.05,0,565,1,0,0,1,0,0,1,0,1,0,0,0,0,0,0,0,0,0,0,0,0,1,0,0,1
24.0,24.15,0,566,0,2,0,3,0,0,1,0,0,1,0,0,0,0,0,0,0,0,0,0,0,1,0,0,1
19.0,7.8958,0,567,0,0,0,1,0,0,1,0,0,1,0,0,0,0,0,0,0,0,0,0,0,1,0,0,1
29.0,21.075,4,568,1,0,0,5,0,0,1,0,0,0,1,0,0,0,0,0,0,0,0,0,0,1,0,0,1
26.0,7.2292,0,569,0,0,0,1,0,0,1,0,0,1,0,0,0,0,0,0,0,0,0,0,0,1,1,0,0
32.0,7.8542,0,570,0,0,1,1,0,0,1,0,0,1,0,0,0,0,0,0,0,0,0,0,0,1,0,0,1
62.0,10.5,0,571,0,0,1,1,0,1,0,0,0,1,0,0,0,0,0,0,0,0,0,0,0,1,0,0,1
53.0,51.4792,0,572,1,2,1,3,1,0,0,0,0,0,1,0,0,0,0,1,0,0,0,0,0,0,0,0,1
36.0,26.3875,0,573,0,0,1,1,1,0,0,0,0,1,0,0,0,0,0,0,0,1,0,0,0,0,0,0,1
18.0,7.75,0,574,1,0,1,1,0,0,1,0,1,0,0,0,0,0,0,0,0,0,0,0,0,1,0,1,0
16.0,8.05,0,575,0,0,0,1,0,0,1,0,0,1,0,0,0,0,0,0,0,0,0,0,0,1,0,0,1
19.0,14.5,0,576,0,0,0,1,0,0,1,0,0,1,0,0,0,0,0,0,0,0,0,0,0,1,0,0,1
34.0,13.0,0,577,1,0,1,1,0,1,0,0,1,0,0,0,0,0,0,0,0,0,0,0,0,1,0,0,1
39.0,55.9,0,578,1,1,1,2,1,0,0,0,0,0,1,0,0,0,0,0,0,1,0,0,0,0,0,0,1
31.0,14.4583,0,579,1,1,0,2,0,0,1,0,0,0,1,0,0,0,0,0,0,0,0,0,0,1,1,0,0
32.0,7.925,0,580,0,0,1,1,0,0,1,0,0,1,0,0,0,0,0,0,0,0,0,0,0,1,0,0,1
25.0,30.0,1,581,1,1,1,3,0,1,0,0,1,0,0,0,0,0,0,0,0,0,0,0,0,1,0,0,1
39.0,110.8833,1,582,1,1,1,3,1,0,0,0,0,0,1,0,0,0,0,1,0,0,0,0,0,0,1,0,0
54.0,26.0,0,583,0,0,0,1,0,1,0,0,0,1,0,0,0,0,0,0,0,0,0,0,0,1,0,0,1
36.0,40.125,0,584,0,0,0,1,1,0,0,0,0,1,0,0,0,1,0,0,0,0,0,0,0,0,1,0,0
26.0,8.7125,0,585,0,0,0,1,0,0,1,0,0,1,0,0,0,0,0,0,0,0,0,0,0,1,1,0,0
18.0,79.65,2,586,1,0,1,3,1,0,0,0,1,0,0,0,0,0,0,0,0,1,0,0,0,0,0,0,1
47.0,15.0,0,587,0,0,0,1,0,1,0,0,0,1,0,0,0,0,0,0,0,0,0,0,0,1,0,0,1
60.0,79.2,1,588,0,1,1,3,1,0,0,0,0,1,0,0,0,0,1,0,0,0,0,0,0,0,1,0,0
22.0,8.05,0,589,0,0,0,1,0,0,1,0,0,1,0,0,0,0,0,0,0,0,0,0,0,1,0,0,1
26.0,8.05,0,590,0,0,0,1,0,0,1,0,0,1,0,0,0,0,0,0,0,0,0,0,0,1,0,0,1
35.0,7.125,0,591,0,0,0,1,0,0,1,0,0,1,0,0,0,0,0,0,0,0,0,0,0,1,0,0,1
52.0,78.2667,0,592,1,1,1,2,1,0,0,0,0,0,1,0,0,0,0,0,1,0,0,0,0,0,1,0,0
47.0,7.25,0,593,0,0,0,1,0,0,1,0,0,1,0,0,0,0,0,0,0,0,0,0,0,1,0,0,1
18.0,7.75,2,594,1,0,0,3,0,0,1,0,1,0,0,0,0,0,0,0,0,0,0,0,0,1,0,1,0
37.0,26.0,0,595,0,1,0,2,0,1,0,0,0,1,0,0,0,0,0,0,0,0,0,0,0,1,0,0,1
36.0,24.15,1,596,0,1,0,3,0,0,1,0,0,1,0,0,0,0,0,0,0,0,0,0,0,1,0,0,1
20.0,33.0,0,597,1,0,1,1,0,1,0,0,1,0,0,0,0,0,0,0,0,0,0,0,0,1,0,0,1
49.0,0.0,0,598,0,0,0,1,0,0,1,0,0,1,0,0,0,0,0,0,0,0,0,0,0,1,0,0,1
26.0,7.225,0,599,0,0,0,1,0,0,1,0,0,1,0,0,0,0,0,0,0,0,0,0,0,1,1,0,0
49.0,56.9292,0,600,0,1,1,2,1,0,0,0,0,0,0,0,1,1,0,0,0,0,0,0,0,0,1,0,0
24.0,27.0,1,601,1,2,1,4,0,1,0,0,0,0,1,0,0,0,0,0,0,0,0,0,0,1,0,0,1
26.0,7.8958,0,602,0,0,0,1,0,0,1,0,0,1,0,0,0,0,0,0,0,0,0,0,0,1,0,0,1
41.5,42.4,0,603,0,0,0,1,1,0,0,0,0,1,0,0,0,0,0,0,0,0,0,0,0,1,0,0,1
44.0,8.05,0,604,0,0,0,1,0,0,1,0,0,1,0,0,0,0,0,0,0,0,0,0,0,1,0,0,1
35.0,26.55,0,605,0,0,1,1,1,0,0,0,0,1,0,0,0,0,0,0,0,0,0,0,0,1,1,0,0
36.0,15.55,0,606,0,1,0,2,0,0,1,0,0,1,0,0,0,0,0,0,0,0,0,0,0,1,0,0,1
30.0,7.8958,0,607,0,0,0,1,0,0,1,0,0,1,0,0,0,0,0,0,0,0,0,0,0,1,0,0,1
27.0,30.5,0,608,0,0,1,1,1,0,0,0,0,1,0,0,0,0,0,0,0,0,0,0,0,1,0,0,1
22.0,41.5792,2,609,1,1,1,4,0,1,0,0,0,0,1,0,0,0,0,0,0,0,0,0,0,1,1,0,0
40.0,153.4625,0,610,1,0,1,1,1,0,0,0,1,0,0,0,0,0,0,1,0,0,0,0,0,0,0,0,1
39.0,31.275,5,611,1,1,0,7,0,0,1,0,0,0,1,0,0,0,0,0,0,0,0,0,0,1,0,0,1
26.0,7.05,0,612,0,0,0,1,0,0,1,0,0,1,0,0,0,0,0,0,0,0,0,0,0,1,0,0,1
18.0,15.5,0,613,1,1,1,2,0,0,1,0,1,0,0,0,0,0,0,0,0,0,0,0,0,1,0,1,0
26.0,7.75,0,614,0,0,0,1,0,0,1,0,0,1,0,0,0,0,0,0,0,0,0,0,0,1,0,1,0
35.0,8.05,0,615,0,0,0,1,0,0,1,0,0,1,0,0,0,0,0,0,0,0,0,0,0,1,0,0,1
24.0,65.0,2,616,1,1,1,4,0,1,0,0,1,0,0,0,0,0,0,0,0,0,0,0,0,1,0,0,1
34.0,14.4,1,617,0,1,0,3,0,0,1,0,0,1,0,0,0,0,0,0,0,0,0,0,0,1,0,0,1
26.0,16.1,0,618,1,1,0,2,0,0,1,0,0,0,1,0,0,0,0,0,0,0,0,0,0,1,0,0,1
4.0,39.0,1,619,1,2,1,4,0,1,0,0,1,0,0,0,0,0,0,0,0,0,1,0,0,0,0,0,1
26.0,10.5,0,620,0,0,0,1,0,1,0,0,0,1,0,0,0,0,0,0,0,0,0,0,0,1,0,0,1
27.0,14.4542,0,621,0,1,0,2,0,0,1,0,0,1,0,0,0,0,0,0,0,0,0,0,0,1,1,0,0
42.0,52.5542,0,622,0,1,1,2,1,0,0,0,0,1,0,0,0,0,0,0,1,0,0,0,0,0,0,0,1
20.0,15.7417,1,623,0,1,1,3,0,0,1,0,0,1,0,0,0,0,0,0,0,0,0,0,0,1,1,0,0
21.0,7.8542,0,624,0,0,0,1,0,0,1,0,0,1,0,0,0,0,0,0,0,0,0,0,0,1,0,0,1
21.0,16.1,0,625,0,0,0,1,0,0,1,0,0,1,0,0,0,0,0,0,0,0,0,0,0,1,0,0,1
61.0,32.3208,0,626,0,0,0,1,1,0,0,0,0,1,0,0,0,0,0,0,1,0,0,0,0,0,0,0,1
57.0,12.35,0,627,0,0,0,1,0,1,0,0,0,0,0,1,0,0,0,0,0,0,0,0,0,1,0,1,0
21.0,77.9583,0,628,1,0,1,1,1,0,0,0,1,0,0,0,0,0,0,0,1,0,0,0,0,0,0,0,1
26.0,7.8958,0,629,0,0,0,1,0,0,1,0,0,1,0,0,0,0,0,0,0,0,0,0,0,1,0,0,1
26.0,7.7333,0,630,0,0,0,1,0,0,1,0,0,1,0,0,0,0,0,0,0,0,0,0,0,1,0,1,0
80.0,30.0,0,631,0,0,1,1,1,0,0,0,0,1,0,0,0,1,0,0,0,0,0,0,0,0,0,0,1
51.0,7.0542,0,632,0,0,0,1,0,0,1,0,0,1,0,0,0,0,0,0,0,0,0,0,0,1,0,0,1
32.0,30.5,0,633,0,0,1,1,1,0,0,0,0,0,0,1,0,0,1,0,0,0,0,0,0,0,1,0,0
41.5,0.0,0,634,0,0,0,1,1,0,0,0,0,1,0,0,0,0,0,0,0,0,0,0,0,1,0,0,1
9.0,27.9,2,635,1,3,0,6,0,0,1,0,1,0,0,0,0,0,0,0,0,0,0,0,0,1,0,0,1
28.0,13.0,0,636,1,0,1,1,0,1,0,0,1,0,0,0,0,0,0,0,0,0,0,0,0,1,0,0,1
32.0,7.925,0,637,0,0,0,1,0,0,1,0,0,1,0,0,0,0,0,0,0,0,0,0,0,1,0,0,1
31.0,26.25,1,638,0,1,0,3,0,1,0,0,0,1,0,0,0,0,0,0,0,0,0,0,0,1,0,0,1
41.0,39.6875,5,639,1,0,0,6,0,0,1,0,0,0,1,0,0,0,0,0,0,0,0,0,0,1,0,0,1
26.0,16.1,0,640,0,1,0,2,0,0,1,0,0,1,0,0,0,0,0,0,0,0,0,0,0,1,0,0,1
20.0,7.8542,0,641,0,0,0,1,0,0,1,0,0,1,0,0,0,0,0,0,0,0,0,0,0,1,0,0,1
24.0,69.3,0,642,1,0,1,1,1,0,0,0,1,0,0,0,0,0,1,0,0,0,0,0,0,0,1,0,0
2.0,27.9,2,643,1,3,0,6,0,0,1,0,1,0,0,0,0,0,0,0,0,0,0,0,0,1,0,0,1
26.0,56.4958,0,644,0,0,1,1,0,0,1,0,0,1,0,0,0,0,0,0,0,0,0,0,0,1,0,0,1
0.75,19.2583,1,645,1,2,1,4,0,0,1,0,1,0,0,0,0,0,0,0,0,0,0,0,0,1,1,0,0
48.0,76.7292,0,646,0,1,1,2,1,0,0,0,0,1,0,0,0,0,0,0,1,0,0,0,0,0,1,0,0
19.0,7.8958,0,647,0,0,0,1,0,0,1,0,0,1,0,0,0,0,0,0,0,0,0,0,0,1,0,0,1
56.0,35.5,0,648,0,0,1,1,1,0,0,0,0,0,0,1,0,1,0,0,0,0,0,0,0,0,1,0,0
26.0,7.55,0,649,0,0,0,1,0,0,1,0,0,1,0,0,0,0,0,0,0,0,0,0,0,1,0,0,1
23.0,7.55,0,650,1,0,1,1,0,0,1,0,1,0,0,0,0,0,0,0,0,0,0,0,0,1,0,0,1
26.0,7.8958,0,651,0,0,0,1,0,0,1,0,0,1,0,0,0,0,0,0,0,0,0,0,0,1,0,0,1
18.0,23.0,1,652,1,0,1,2,0,1,0,0,1,0,0,0,0,0,0,0,0,0,0,0,0,1,0,0,1
21.0,8.4333,0,653,0,0,0,1,0,0,1,0,0,1,0,0,0,0,0,0,0,0,0,0,0,1,0,0,1
18.0,7.8292,0,654,1,0,1,1,0,0,1,0,1,0,0,0,0,0,0,0,0,0,0,0,0,1,0,1,0
18.0,6.75,0,655,1,0,0,1,0,0,1,0,1,0,0,0,0,0,0,0,0,0,0,0,0,1,0,1,0
24.0,73.5,0,656,0,2,0,3,0,1,0,0,0,1,0,0,0,0,0,0,0,0,0,0,0,1,0,0,1
26.0,7.8958,0,657,0,0,0,1,0,0,1,0,0,1,0,0,0,0,0,0,0,0,0,0,0,1,0,0,1
32.0,15.5,1,658,1,1,0,3,0,0,1,0,0,0,1,0,0,0,0,0,0,0,0,0,0,1,0,1,0
23.0,13.0,0,659,0,0,0,1,0,1,0,0,0,1,0,0,0,0,0,0,0,0,0,0,0,1,0,0,1
58.0,113.275,2,660,0,0,0,3,1,0,0,0,0,1,0,0,0,0,0,0,1,0,0,0,0,0,1,0,0
50.0,133.65,0,661,0,2,1,3,1,0,0,0,0,0,0,1,0,0,0,0,0,0,0,0,0,1,0,0,1
40.0,7.225,0,662,0,0,0,1,0,0,1,0,0,1,0,0,0,0,0,0,0,0,0,0,0,1,1,0,0
47.0,25.5875,0,663,0,0,0,1,1,0,0,0,0,1,0,0,0,0,0,0,0,1,0,0,0,0,0,0,1
36.0,7.4958,0,664,0,0,0,1,0,0,1,0,0,1,0,0,0,0,0,0,0,0,0,0,0,1,0,0,1
20.0,7.925,0,665,0,1,1,2,0,0,1,0,0,1,0,0,0,0,0,0,0,0,0,0,0,1,0,0,1
32.0,73.5,0,666,0,2,0,3,0,1,0,0,0,1,0,0,0,0,0,0,0,0,0,0,0,1,0,0,1
25.0,13.0,0,667,0,0,0,1,0,1,0,0,0,1,0,0,0,0,0,0,0,0,0,0,0,1,0,0,1
26.0,7.775,0,668,0,0,0,1,0,0,1,0,0,1,0,0,0,0,0,0,0,0,0,0,0,1,0,0,1
43.0,8.05,0,669,0,0,0,1,0,0,1,0,0,1,0,0,0,0,0,0,0,0,0,0,0,1,0,0,1
45.0,52.0,0,670,1,1,1,2,1,0,0,0,0,0,1,0,0,0,0,1,0,0,0,0,0,0,0,0,1
40.0,39.0,1,671,1,1,1,3,0,1,0,0,0,0,1,0,0,0,0,0,0,0,0,0,0,1,0,0,1
31.0,52.0,0,672,0,1,0,2,1,0,0,0,0,1,0,0,0,0,1,0,0,0,0,0,0,0,0,0,1
70.0,10.5,0,673,0,0,0,1,0,1,0,0,0,1,0,0,0,0,0,0,0,0,0,0,0,1,0,0,1
31.0,13.0,0,674,0,0,1,1,0,1,0,0,0,1,0,0,0,0,0,0,0,0,0,0,0,1,0,0,1
30.0,0.0,0,675,0,0,0,1,0,1,0,0,0,1,0,0,0,0,0,0,0,0,0,0,0,1,0,0,1
18.0,7.775,0,676,0,0,0,1,0,0,1,0,0,1,0,0,0,0,0,0,0,0,0,0,0,1,0,0,1
24.5,8.05,0,677,0,0,0,1,0,0,1,0,0,1,0,0,0,0,0,0,0,0,0,0,0,1,0,0,1
18.0,9.8417,0,678,1,0,1,1,0,0,1,0,1,0,0,0,0,0,0,0,0,0,0,0,0,1,0,0,1
43.0,46.9,6,679,1,1,0,8,0,0,1,0,0,0,1,0,0,0,0,0,0,0,0,0,0,1,0,0,1
36.0,512.3292,1,680,0,0,1,2,1,0,0,0,0,1,0,0,0,0,1,0,0,0,0,0,0,0,1,0,0
18.0,8.1375,0,681,1,0,0,1,0,0,1,0,1,0,0,0,0,0,0,0,0,0,0,0,0,1,0,1,0
27.0,76.7292,0,682,0,0,1,1,1,0,0,0,0,1,0,0,0,0,0,0,1,0,0,0,0,0,1,0,0
20.0,9.225,0,683,0,0,0,1,0,0,1,0,0,1,0,0,0,0,0,0,0,0,0,0,0,1,0,0,1
14.0,46.9,2,684,0,5,0,8,0,0,1,0,0,1,0,0,0,0,0,0,0,0,0,0,0,1,0,0,1
60.0,39.0,1,685,0,1,0,3,0,1,0,0,0,1,0,0,0,0,0,0,0,0,0,0,0,1,0,0,1
25.0,41.5792,2,686,0,1,0,4,0,1,0,0,0,1,0,0,0,0,0,0,0,0,0,0,0,1,1,0,0
14.0,39.6875,1,687,0,4,0,6,0,0,1,0,0,1,0,0,0,0,0,0,0,0,0,0,0,1,0,0,1
19.0,10.1708,0,688,0,0,0,1,0,0,1,0,0,1,0,0,0,0,0,0,0,0,0,0,0,1,0,0,1
18.0,7.7958,0,689,0,0,0,1,0,0,1,0,0,1,0,0,0,0,0,0,0,0,0,0,0,1,0,0,1
15.0,211.3375,1,690,1,0,1,2,1,0,0,0,1,0,0,0,0,0,1,0,0,0,0,0,0,0,0,0,1
31.0,57.0,0,691,0,1,1,2,1,0,0,0,0,1,0,0,0,0,1,0,0,0,0,0,0,0,0,0,1
4.0,13.4167,1,692,1,0,1,2,0,0,1,0,1,0,0,0,0,0,0,0,0,0,0,0,0,1,1,0,0
26.0,56.4958,0,693,0,0,1,1,0,0,1,0,0,1,0,0,0,0,0,0,0,0,0,0,0,1,0,0,1
25.0,7.225,0,694,0,0,0,1,0,0,1,0,0,1,0,0,0,0,0,0,0,0,0,0,0,1,1,0,0
60.0,26.55,0,695,0,0,0,1,1,0,0,0,0,0,0,1,0,0,0,0,0,0,0,0,0,1,0,0,1
52.0,13.5,0,696,0,0,0,1,0,1,0,0,0,1,0,0,0,0,0,0,0,0,0,0,0,1,0,0,1
44.0,8.05,0,697,0,0,0,1,0,0,1,0,0,1,0,0,0,0,0,0,0,0,0,0,0,1,0,0,1
18.0,7.7333,0,698,1,0,1,1,0,0,1,0,1,0,0,0,0,0,0,0,0,0,0,0,0,1,0,1,0
49.0,110.8833,1,699,0,1,0,3,1,0,0,0,0,1,0,0,0,0,0,1,0,0,0,0,0,0,1,0,0
42.0,7.65,0,700,0,0,0,1,0,0,1,0,0,1,0,0,0,0,0,0,0,0,1,0,0,0,0,0,1
18.0,227.525,0,701,1,1,1,2,1,0,0,0,0,0,1,0,0,0,0,1,0,0,0,0,0,0,1,0,0
35.0,26.2875,0,702,0,0,1,1,1,0,0,0,0,1,0,0,0,0,0,0,0,1,0,0,0,0,0,0,1
18.0,14.4542,1,703,1,0,0,2,0,0,1,0,1,0,0,0,0,0,0,0,0,0,0,0,0,1,1,0,0
25.0,7.7417,0,704,0,0,0,1,0,0,1,0,0,1,0,0,0,0,0,0,0,0,0,0,0,1,0,1,0
26.0,7.8542,0,705,0,1,0,2,0,0,1,0,0,1,0,0,0,0,0,0,0,0,0,0,0,1,0,0,1
39.0,26.0,0,706,0,0,0,1,0,1,0,0,0,1,0,0,0,0,0,0,0,0,0,0,0,1,0,0,1
45.0,13.5,0,707,1,0,1,1,0,1,0,0,0,0,1,0,0,0,0,0,0,0,0,0,0,1,0,0,1
42.0,26.2875,0,708,0,0,1,1,1,0,0,0,0,1,0,0,0,0,0,0,0,1,0,0,0,0,0,0,1
22.0,151.55,0,709,1,0,1,1,1,0,0,0,1,0,0,0,0,0,0,0,0,0,0,0,0,1,0,0,1
6.0,15.2458,1,710,0,1,1,3,0,0,1,1,0,0,0,0,0,0,0,0,0,0,0,0,0,1,1,0,0
24.0,49.5042,0,711,1,0,1,1,1,0,0,0,1,0,0,0,0,0,0,1,0,0,0,0,0,0,1,0,0
41.5,26.55,0,712,0,0,0,1,1,0,0,0,0,1,0,0,0,0,0,1,0,0,0,0,0,0,0,0,1
